,Metabolite,Formula,Polarity (z),Ion Mode,RT Start (min),RT End (min),m/z Tolerance (ppm),RT Tolerance (min),mz,obs_mz,ppm,winner,RT,RT_min,RT_max,RT_range,KO - 1,KO - 2,KO - 3,KO - 4,WT - 1,WT - 2,WT - 3,WT - 4,Blank_0,Blank_1,Blank_2,Blank_3,Blank_4,Blank_5,Blank_6,ttest_pval,1/pvalue,KO_Mean,WT_Mean,Log2FoldChange,LogFoldChange,blank_threshold,combined_mean,impact_score,Detection
0,1-Methylnicotinamide,C7H8N2O,+,ESI,15.3,17.3,10,0.2,137.0709,137.0712,1.5,SQ193_B_6,17.29,17.05,17.31,0.26,200685.0,167393.0,166307.0,159255.0,326879.0,368498.0,276895.0,273505.0,22973,23651,28059,28925,27353,33889,25840,0.0013165692693190953,759.5498568162548,173410.0,311444.25,-0.8447868405290315,0.5567930697066971,91724.28571428571,242427.125,331.0,8
1,"2,3-Diphosphoglyceric acid",C3H8O10P2,-,ESI,12.0,15.0,10,0.2,264.952,264.9496,-9.1,S02473,14.99,14.81,15.0,0.19,17292354.0,15824005.0,18671208.0,16737690.0,23256520.0,26347202.0,22122606.0,21826552.0,41546,46037,42602,770042,44720,946875,53431,0.0019284368151750938,518.5547133983772,17131314.25,23388220.0,-0.44914623331943243,0.7324761888677291,843679.8571428573,20259767.125,14343.0,8
2,3-Hydroxybutyric acid,C4H8O3,-,ESI,5.7,7.7,10,0.2,103.0401,103.0391,-9.6,S02487,7.15,6.91,7.39,0.48,1398941.0,1202948.0,1374889.0,1248721.0,1020383.0,1234170.0,958204.0,1037306.0,26914,21823,23483,65946,25342,58728,28927,0.018790267366373854,53.2190405012305,1306374.75,1062515.75,0.29808458451836334,1.2295109507788473,117641.28571428571,1184445.25,78.0,8
3,3-Phosphoglyceric acid,C3H7O7P,-,ESI,13.0,15.0,10,0.2,184.9857,184.9847,-5.3,S02468,14.19,14.05,14.23,0.18,31588928.0,27601538.0,32724840.0,28136322.0,40301868.0,44145316.0,35533780.0,35182192.0,1184885,1420555,1205288,1306278,1212287,1366148,1210601,0.012210551015453304,81.89638606271168,30012907.0,38790789.0,-0.370131057678092,0.7737122078130455,3826875.1428571427,34401848.0,3641.0,8
4,"4,5-Dihydroorotic acid",C5H6N2O4,-,ESI,7.5,9.5,10,0.2,157.0255,157.0249,-3.6,S02483,8.64,8.41,8.84,0.43,7999205.0,7600936.0,8225414.0,7293170.0,11912270.0,13028898.0,10768397.0,11009040.0,1139882,1177582,1123022,1260786,1136960,1334164,1123914,0.0004068284935293414,2458.038254215539,7779681.25,11679651.25,-0.5862142452620301,0.6660884887294901,3565561.428571429,9729666.25,35905.0,8
5,4-Hydroxyproline,C5H9NO3,+,ESI,10.2,11.2,10,0.2,132.0655,132.0665,7.6,S02483,10.83,10.65,10.87,0.22,228694.0,184160.0,283662.0,214789.0,257561.0,295309.0,219367.0,237333.0,10670,17215,14838,14228,15536,11587,13862,0.38846630622298717,2.5742258311226114,227826.25,252392.5,-0.14773505732187447,0.9026664817694662,51972.57142857143,240109.375,1.0,8
6,5'-Methylthioadenosine,C11H15N5O3S,+,ESI,3.0,5.0,10,0.2,298.0968,298.0963,-1.9,S02483,4.09,4.02,4.31,0.29,45120508.0,40407712.0,44439740.0,42574752.0,56661108.0,62277088.0,50024332.0,52928800.0,22770,25232,25402,3477374,136353,5123818,190915,0.004910504529221884,203.64506214160025,43135678.0,55472832.0,-0.3628997476199041,0.7776000691653889,3867941.714285714,49304255.0,12912.0,8
7,5-Phosphoribosylamine,C5H12NO7P,-,ESI,11.5,13.5,10,0.2,228.0279,228.0275,-1.7,S02487,11.74,11.74,11.74,0.0,15449697.0,13107102.0,15690215.0,13325410.0,23434106.0,24017248.0,20298282.0,20979498.0,69244,76212,73813,332990,75798,460744,83233,0.0004767477229870899,2097.54541402829,14393106.0,22182283.5,-0.6240299317668974,0.6488559214383858,512300.28571428574,18287694.75,59118.0,8
8,6-Phosphogluconic acid,C6H13O10P,-,ESI,14.0,17.0,10,0.2,275.0174,275.0178,1.7,S02476,15.23,15.23,15.23,0.0,15315294.0,14576968.0,17036736.0,13878366.0,23638650.0,25177664.0,20899678.0,20479460.0,50891,60554,57192,290946,70073,458538,65066,0.0013752073591679552,727.163066233904,15201841.0,22548863.0,-0.5688086390741995,0.6741732831495761,461397.14285714284,18875352.0,20359.0,8
9,Acetoacetic acid,C4H6O3,-,ESI,8.3,10.3,10,0.2,101.0244,101.0235,-9.6,S02484,9.97,9.78,10.22,0.44,10957.0,19891.0,22612.0,20303.0,64621.0,38573.0,57672.0,25801.0,0,0,0,0,0,0,0,0.02232367321464595,44.79549536426324,18440.75,46666.75,-1.3394976650576598,0.39515822293174474,10000.0,32553.75,4.0,8
10,Acetyl-CoA,C23H38N7O17P3S,+,ESI,8.0,11.0,10,0.2,810.1331,810.1342,1.4,S02481,10.84,10.84,10.84,0.0,10000.0,10000.0,26324.0,10654.0,26435.0,14908.0,32534.0,31393.0,0,0,0,0,0,0,0,0.07836096066676987,12.761456616803128,14244.5,26317.5,-0.8856174663347756,0.5412558183718058,10000.0,20281.0,0.0,6
11,Acetylcysteine,C5H9NO3S,+,ESI,6.0,8.0,10,0.2,164.0376,164.0377,0.6,S02470,7.18,7.0,7.22,0.22,10000.0,10000.0,10000.0,10000.0,10000.0,10000.0,10000.0,10000.0,0,0,0,0,0,0,0,NA,NA,10000.0,10000.0,0.0,1.0,10000.0,10000.0,0.0,0
12,Adenine,C5H5N5,+,ESI,5.0,7.0,10,0.2,136.0618,136.0616,-1.0,S02482,6.19,5.95,6.31,0.36,10000.0,10000.0,10000.0,10000.0,10000.0,10000.0,10000.0,10000.0,0,0,0,0,0,0,0,NA,NA,10000.0,10000.0,0.0,1.0,10000.0,10000.0,0.0,0
13,Adenosine,C10H13N5O4,+,ESI,4.5,7.0,10,0.2,268.10400000000004,268.1035,-1.9,S02486,5.78,5.69,5.88,0.2,14292.0,15250.0,17026.0,14982.0,26954.0,17378.0,21294.0,20117.0,1573,1876,1357,0,0,0,1014,0.027877659760911937,35.871016741589216,15387.5,21435.75,-0.47826003874472917,0.7178428559765812,12494.285714285714,18411.625,1.0,8
14,Adenosine diphosphate ribose,C15H23N5O14P2,-,ESI,10.9,12.9,10,0.2,558.0644,558.0645,0.1,S02483,11.96,11.92,12.03,0.1,25795.0,20514.0,13358.0,13708.0,24194.0,22721.0,27965.0,24867.0,1823,2002,1365,1193,0,836,0,0.08337699147600541,11.993716519356353,18343.75,24936.75,-0.4429848531352715,0.7356110960730649,13093.857142857143,21640.25,0.0,8
15,Adenosine monophosphate,C10H14N5O7P,+,ESI,9.8,11.8,10,0.2,348.0704,348.0697,-2.0,S02482,10.82,10.77,10.89,0.13,1171856.0,1043836.0,1229566.0,1054426.0,1353516.0,1636281.0,1181424.0,1281574.0,5251,2286,3832,5399,4746,5684,4351,0.06882166932201664,14.530307239729964,1124921.0,1363198.75,-0.27717222914869694,0.8252068893108947,23521.0,1244059.875,22.0,8
16,Adenosine triphosphate,C10H16N5O13P3,-,ESI,12.5,14.5,10,0.2,505.9885,505.9878,-1.4,S02469,13.66,13.54,13.83,0.29,160829616.0,143149984.0,148118080.0,132508352.0,141448960.0,154575856.0,132095912.0,138409264.0,75194,68492,43962,9616590,530860,19624006,1009398,0.5711818295666278,1.7507559733801914,146151508.0,141632498.0,0.04531238094047219,1.0319065896867823,13282215.142857144,143892003.0,260.0,8
17,Adenylsuccinic acid,C14H18N5O11P,-,ESI,14.5,16.5,10,0.2,462.0668,462.0685,3.7,S02468,15.58,15.54,15.73,0.19,72122928.0,66488300.0,72005584.0,70084216.0,72405480.0,78907848.0,76201496.0,81683816.0,22026,20288,18310,2427882,96107,2144375,73234,0.024032481340573474,41.61035166650576,70175257.0,77299660.0,-0.13949962624655685,0.9078339671869191,2068095.142857143,73737458.5,3380.0,8
18,ADP,C10H15N5O10P2,-,ESI,11.1,13.1,10,0.2,426.0221,426.022,-0.2,S02468,12.23,12.14,12.38,0.24,1084693.8571428573,1305787.0,1612087.0,1084693.8571428573,2444856.0,1393863.0,1489978.0,1469224.0,697817,746367,601824,167366,98185,122499,73561,0.1759599035503021,5.683112912789972,1271815.4285714286,1699480.25,-0.41820428054290265,0.7483555213845108,1084693.8571428573,1485647.8392857143,11.0,6
19,Allantoin,C4H6N4O3,+,ESI,9.3,11.3,10,0.2,159.0513,159.0519,3.8,S02483,10.4,10.36,10.52,0.15,17087508.0,16237178.285714284,16237178.285714284,16237178.285714284,20592556.0,23922830.0,23954286.0,18876566.0,4076352,4193397,3310245,8146364,5508708,7551292,5077058,0.005651534331050193,176.94309924048105,16449760.714285713,21836559.5,-0.40867896963175104,0.753312842816915,16237178.285714284,19143160.10714286,4496.0,5
20,Aminoadipic acid,C6H11NO4,-,ESI,5.9,7.9,10,0.2,160.0615,160.0605,-6.2,S02482,6.96,6.9,7.19,0.29,11875.0,11875.0,11875.0,11875.0,21670.0,15003.0,11875.0,11875.0,0,2009,2366,0,0,0,0,0.21126225143021923,4.733453294330265,11875.0,15105.75,-0.34717030216275563,0.7861244890190822,11875.0,13490.375,0.0,2
21,Argininosuccinic acid,C10H18N4O6,-,ESI,12.5,14.5,10,0.2,289.1154,289.1156,0.7,S02483,13.68,13.57,13.83,0.25,26524.0,23377.0,26158.0,51719.0,18254.714285714286,57382.0,28736.0,18254.714285714286,0,0,0,4422,1724,11075,2040,0.9135694931217779,1.0946074792656206,31944.5,30656.857142857145,0.05935775510694081,1.0420017893922588,18254.714285714286,31300.678571428572,0.0,6
22,Beta-Alanine,C3H7NO2,+,ESI,9.8,10.5,10,0.2,90.055,90.0555,5.8,S02483,10.3,10.18,10.45,0.27,10000.0,10000.0,10000.0,10000.0,10000.0,10000.0,10000.0,10000.0,0,0,0,0,0,0,0,NA,NA,10000.0,10000.0,0.0,1.0,10000.0,10000.0,0.0,0
23,Betaine,C5H11NO2,+,ESI,7.0,8.1,10,0.2,118.0863,118.0863,0.7,S02483,7.77,7.72,8.02,0.29,10000.0,10000.0,10000.0,10000.0,10000.0,10000.0,10000.0,10000.0,0,0,0,0,0,0,0,NA,NA,10000.0,10000.0,0.0,1.0,10000.0,10000.0,0.0,0
24,Butyrylcarnitine,C11H21NO4,+,ESI,4.2,6.2,10,0.2,232.1543,232.1539,-1.8,S02483,5.4,5.27,5.64,0.36,10534.0,10534.0,10534.0,10534.0,10534.0,10534.0,10534.0,10534.0,1246,0,0,0,0,0,0,NA,NA,10534.0,10534.0,0.0,1.0,10534.0,10534.0,0.0,0
25,Carbamoyl phosphate,CH4NO5P,-,ESI,22.6,24.6,10,0.2,139.9754,139.9745,-6.5,S02482,24.46,24.41,24.58,0.16,10000.0,10000.0,10000.0,10000.0,10000.0,10000.0,10000.0,10000.0,0,0,0,0,0,0,0,NA,NA,10000.0,10000.0,0.0,1.0,10000.0,10000.0,0.0,0
26,Carnosine,C9H14N4O3,+,ESI,10.6,12.6,10,0.2,227.1139,227.113,-3.8,S02482,11.79,11.7,12.04,0.34,10000.0,10000.0,10000.0,10000.0,10000.0,10000.0,10000.0,10000.0,0,0,0,0,0,0,0,NA,NA,10000.0,10000.0,0.0,1.0,10000.0,10000.0,0.0,0
27,CDP,C9H15N3O11P2,+,ESI,13.0,15.0,10,0.2,404.0255,404.0232,-5.7,S02468,14.18,14.08,14.31,0.23,17050720.42857143,17050720.42857143,17050720.42857143,17050720.42857143,17050720.42857143,17050720.42857143,17050720.42857143,17050720.42857143,5971452,6060878,5062288,6770535,3631619,8962406,3302503,NA,NA,17050720.42857143,17050720.42857143,0.0,1.0,17050720.42857143,17050720.42857143,0.0,0
28,Choline,C5H13NO,+,ESI,12.1,14.1,10,0.2,104.10700000000001,104.1073,3.0,S02483,13.66,13.62,13.76,0.14,87111.14285714286,87111.14285714286,87111.14285714286,87111.14285714286,87111.14285714286,87111.14285714286,87111.14285714286,87111.14285714286,30358,33534,33790,20035,18789,27627,15793,NA,NA,87111.14285714286,87111.14285714286,0.0,1.0,87111.14285714286,87111.14285714286,0.0,0
29,cis-Aconitic acid,C6H6O6,-,ESI,14.1,16.1,10,0.2,173.0092,173.0083,-4.9,S02468,15.21,15.18,15.24,0.06,16555.857142857145,16555.857142857145,16555.857142857145,16555.857142857145,16555.857142857145,16555.857142857145,16555.857142857145,16555.857142857145,2030,2425,2028,2303,2069,2647,1795,NA,NA,16555.857142857145,16555.857142857145,0.0,1.0,16555.857142857145,16555.857142857145,0.0,0
30,Citric acid,C6H8O7,-,ESI,14.2,16.2,10,0.2,191.0197,191.019,-3.8,S02468,15.39,15.25,15.5,0.25,418814.0,543776.0,480858.0,599401.0,1168136.0,926108.0,918470.0,520975.0,26457,31603,25951,30033,15833,31425,15393,0.03701121025190139,27.01884086453581,510712.25,883422.25,-0.7905925046539868,0.5781066188903438,85726.42857142858,697067.25,33.0,8
31,Citrulline,C6H13N3O3,+,ESI,10.9,12.9,10,0.2,176.10299999999998,176.10299999999998,0.2,S02486,12.08,12.08,12.29,0.22,11750.714285714286,12369.0,11750.714285714286,11750.714285714286,13734.0,13251.0,12150.0,11750.714285714286,0,1141,1513,0,1431,0,0,0.1456782926633271,6.864440691318858,11905.285714285714,12721.428571428572,-0.09565844508801452,0.9358450308815272,11750.714285714286,12313.357142857143,0.0,4
32,Creatine,C4H9N3O2,+,ESI,10.0,11.5,10,0.2,132.0768,132.076,-5.3,S02468,10.85,10.84,11.07,0.23,29679.0,23121.0,61511.0,51804.0,61546.0,59735.0,57888.0,79924.0,2127,2272,1562,3503,0,1115,0,0.06671848046082615,14.98835095003627,41528.75,64773.25,-0.641287685340293,0.6411404399192568,14533.857142857143,53151.0,1.0,8
33,Creatinine,C4H7N3O,+,ESI,5.2,7.2,10,0.2,114.0662,114.0664,2.2,S02482,6.43,6.28,6.57,0.29,10000.0,10000.0,10000.0,10000.0,10000.0,10000.0,10000.0,10000.0,0,0,0,0,0,0,0,NA,NA,10000.0,10000.0,0.0,1.0,10000.0,10000.0,0.0,0
34,Cyclic AMP,C10H12N5O6P,-,ESI,5.8,7.8,10,0.2,328.0452,328.0451,-0.3,S02483,6.96,6.73,7.04,0.31,10000.0,10000.0,10000.0,10000.0,10000.0,10000.0,10000.0,10000.0,0,0,0,0,0,0,0,NA,NA,10000.0,10000.0,0.0,1.0,10000.0,10000.0,0.0,0
35,Cytidine,C9H13N3O5,+,ESI,7.1,9.1,10,0.2,244.0928,244.0926,-0.8,S02482,8.33,8.29,8.43,0.14,11863.0,11863.0,30901.0,12938.0,20094.0,18398.0,17945.0,25000.0,1385,1502,1460,0,0,0,0,0.5095968994812499,1.962335330175599,16891.25,20359.25,-0.26940832039112644,0.8296597369745938,11863.0,18625.25,0.0,6
36,Cytidine monophosphate,C9H14N3O8P,+,ESI,11.8,13.8,10,0.2,324.0591,324.0597,1.6,S02482,12.86,12.86,13.0,0.14,10000.0,10000.0,10000.0,10000.0,10000.0,10000.0,10000.0,10000.0,0,0,0,0,0,0,0,NA,NA,10000.0,10000.0,0.0,1.0,10000.0,10000.0,0.0,0
37,Cytidine triphosphate,C9H16N3O14P3,-,ESI,15.0,20.0,10,0.2,481.9772,481.9761,-2.3,S02468,15.52,15.32,15.72,0.41,12478.857142857143,12478.857142857143,15898.0,12478.857142857143,12902.0,12478.857142857143,12478.857142857143,12478.857142857143,0,2361,1706,1717,0,0,0,0.4179396469442019,2.3926899668686077,13333.642857142859,12584.642857142859,0.08340671556344488,1.0595169849873711,12478.857142857143,12959.142857142859,0.0,2
38,Cytosine,C4H5N3O,+,ESI,9.0,11.0,10,0.2,112.0505,112.0507,1.3,S02484,9.17,9.01,9.4,0.39,10848.571428571428,10848.571428571428,10848.571428571428,10848.571428571428,10848.571428571428,10848.571428571428,10848.571428571428,10848.571428571428,0,1040,0,0,940,0,0,NA,NA,10848.571428571428,10848.571428571428,0.0,1.0,10848.571428571428,10848.571428571428,0.0,0
39,D-2-Hydroxyglutaric acid,C5H8O5,-,ESI,11.6,13.6,10,0.2,147.0299,147.0289,-6.9,S02473,12.43,12.34,12.51,0.18,46415.0,34811.0,45519.0,40440.0,225656.0,283380.0,195718.0,227625.0,7424,6421,7285,11189,6907,6166,7121,4.749670273175999e-05,21054.093073524495,41796.25,233094.75,-2.479471097739414,0.1793101303225405,32505.571428571428,137445.5,16138.0,8
40,D-Glucose,C6H12O6,-,ESI,9.0,11.0,10,0.2,179.0561,179.0554,-4.0,S02482,11.0,10.79,11.03,0.23,615540.0,467386.0,588906.0,454399.0,1233651.0,1424143.0,996037.0,875004.0,0,0,0,14010,0,19434,1691,0.0035207416137405176,284.03106780039354,531557.75,1132208.75,-1.0908416343095102,0.46948740680550294,25057.857142857145,831883.25,503.0,8
41,D-Glyceraldehyde 3-phosphate,C3H7O6P,-,ESI,13.0,14.0,10,0.2,168.9907,168.9901,-3.9,S02483,13.35,13.32,13.42,0.1,28274.0,20114.0,22397.0,25427.0,17086.857142857145,20054.0,28330.0,27657.0,2689,2121,2686,2762,1504,2517,2257,0.8234924037434666,1.2143402846877005,24053.0,23281.964285714286,0.04700406201310941,1.0331172964971354,17086.857142857145,23667.482142857145,0.0,7
42,Dihydrofolic acid,C19H21N7O6,+,ESI,0.0,30.0,10,0.2,444.1626,444.163,0.8,S02466,7.84,7.84,7.98,0.14,140365.0,140365.0,140365.0,140365.0,140365.0,140365.0,140365.0,140365.0,91818,87716,52643,20776,17525,19534,14173,NA,NA,140365.0,140365.0,0.0,1.0,140365.0,140365.0,0.0,0
43,Dihydroxyacetone phosphate,C3H7O6P,-,ESI,12.0,13.0,10,0.2,168.9907,168.9903,-2.7,S02468,12.46,12.4,12.54,0.14,11147.285714285714,11147.285714285714,11147.285714285714,11147.285714285714,11147.285714285714,11147.285714285714,11147.285714285714,11147.285714285714,1634,1043,0,0,0,0,0,NA,NA,11147.285714285714,11147.285714285714,0.0,1.0,11147.285714285714,11147.285714285714,0.0,0
44,D-Ribose 5-phosphate,C5H11O8P,-,ESI,12.4,13.8,10,0.2,229.0119,229.0111,-3.4,S02482,12.87,12.67,12.92,0.24,37838.0,33938.0,51603.0,44320.0,188460.0,258677.0,170615.0,198670.0,3354,6138,4372,4593,5675,5655,4089,0.00016299063372647682,6135.321871796344,41924.75,204105.5,-2.2834409729353027,0.20540725262180587,24518.285714285714,123015.125,3674.0,8
45,D-Sedoheptulose 7-phosphate,C7H15O10P,-,ESI,12.2,14.2,10,0.2,289.033,289.0326,-1.4,S02468,13.37,13.33,13.48,0.15,31912.0,28991.0,38711.0,33020.0,38648.0,38685.0,33535.0,42200.0,2303,3654,2521,2382,1874,2193,1718,0.1081069204422673,9.2501016207749,33158.5,38267.0,-0.2067220584295935,0.8665037760995113,17133.571428571428,35712.75,0.0,8
46,dTDP,C10H16N2O11P2,-,ESI,11.0,13.0,10,0.2,401.0157,401.0165,2.1,S02483,11.84,11.68,12.09,0.41,10000.0,10000.0,10000.0,10000.0,10000.0,10000.0,10000.0,10000.0,0,0,0,0,0,0,0,NA,NA,10000.0,10000.0,0.0,1.0,10000.0,10000.0,0.0,0
47,FAD,C27H33N9O15P2,+,ESI,7.6,9.6,10,0.2,786.1644,786.1614,-3.8,S02468,8.7,8.52,8.85,0.33,10000.0,10000.0,10000.0,10000.0,10000.0,10000.0,10000.0,10000.0,0,0,0,0,0,0,0,NA,NA,10000.0,10000.0,0.0,1.0,10000.0,10000.0,0.0,0
48,Folic acid,C19H19N7O6,+,ESI,2.0,4.0,10,0.2,442.147,442.1439,-7.0,S02470,2.18,2.18,2.18,0.0,238706.71428571432,286236.0,455503.0,238706.71428571432,635778.0,271269.0,340758.0,376036.0,162980,153267,105104,39139,25365,33068,14726,0.3270299899199155,3.0578235355261585,304788.10714285716,405960.25,-0.41353186156225047,0.7507831299809702,238706.71428571432,355374.1785714286,1.0,6
49,"Fructose 1,6-bisphosphate",C6H14O12P2,-,ESI,14.1,16.1,10,0.2,338.9888,338.9882,-1.8,S02468,15.32,15.32,15.51,0.2,34903.0,42261.0,47685.0,49171.0,75602.0,68502.0,66175.0,51168.0,0,0,0,1890,0,0,0,0.011346227194648244,88.13502346151478,43505.0,65361.75,-0.5872653923691743,0.6656033536433771,10810.0,54433.375,7.0,8
50,Fructose 6-phosphate,C6H13O9P,-,ESI,12.6,13.5,10,0.2,259.0224,259.0225,0.2,S02468,13.01,12.94,13.22,0.28,48940.0,29709.0,42769.0,35578.0,53530.0,59025.0,49796.0,47088.0,0,0,0,0,0,1099,0,0.03739374446619964,26.742440862104733,39249.0,52359.75,-0.41580231194693407,0.7496025095612565,10471.0,45804.375,2.0,8
51,Fumaric acid,C4H4O4,-,ESI,12.2,14.2,10,0.2,115.0037,115.0026,-9.8,S02468,13.31,13.19,13.37,0.18,1356794.0,674326.0,1152590.0,873306.0,648695.7142857143,744942.0,2741056.0,8230176.0,221261,222608,197275,212544,207803,222623,206176,0.2890018037280444,3.460186016489423,1014254.0,3091217.4285714286,-1.6077561411232266,0.3281082691322448,648695.7142857143,2052735.7142857143,22.0,7
52,Glucose 6-phosphate,C6H13O9P,-,ESI,13.6,14.4,10,0.2,259.0224,259.022,-1.8,S02482,13.96,13.87,14.09,0.21,49659.0,41253.0,49189.0,42738.0,54154.0,50163.0,49702.0,46811.0,0,0,0,1666,0,2223,0,0.1395802246144365,7.164338664465596,45709.75,50207.5,-0.13540096172204838,0.9104167704028283,11666.714285714286,47958.625,0.0,8
53,Glutathione,C10H17N3O6S,+,ESI,10.0,13.0,10,0.2,308.0911,308.0894,-5.5,S02483,11.45,11.39,11.63,0.24,10000.0,10000.0,10000.0,10000.0,10000.0,10000.0,10000.0,10000.0,0,0,0,0,0,0,0,NA,NA,10000.0,10000.0,0.0,1.0,10000.0,10000.0,0.0,0
54,Glycerol 3-phosphate,C3H9O6P,-,ESI,11.5,13.0,10,0.2,171.0064,171.0058,-3.8,S02483,12.05,12.01,12.22,0.2,11261.714285714286,11261.714285714286,11261.714285714286,11261.714285714286,11261.714285714286,11261.714285714286,11261.714285714286,11261.714285714286,0,0,0,0,0,1569,1375,NA,NA,11261.714285714286,11261.714285714286,0.0,1.0,11261.714285714286,11261.714285714286,0.0,0
55,Glycine,C2H5NO2,+,ESI,10.7,12.7,20,0.2,76.0393,76.04,8.7,S02483,11.92,11.89,12.0,0.11,84154.0,61108.0,102179.0,75071.0,164379.0,209949.0,163345.0,147592.0,5225,5358,2346,8847,1893,9061,2157,0.0012798091601224399,781.3664967863878,80628.0,171316.25,-1.0873091618288226,0.4706383661795072,24951.571428571428,125972.125,209.0,8
56,Guanidoacetic acid,C3H7N3O2,+,ESI,10.7,12.7,10,0.2,118.0611,118.0613,1.9,S02475,11.98,11.85,12.09,0.24,40357.0,17420.0,20198.0,13882.428571428572,20685.0,21652.0,26399.0,53613.0,0,2013,0,1858,0,5188,0,0.4655711937061642,2.1478992118037477,22964.357142857145,30587.25,-0.4135340069521041,0.7507820135140343,13882.428571428572,26775.803571428572,0.0,7
57,Guanine,C5H5N5O,+,ESI,7.7,9.7,10,0.2,152.0567,152.0566,-0.7,S02482,8.69,8.62,8.83,0.21,10000.0,10000.0,10000.0,10000.0,10000.0,10000.0,10000.0,10000.0,0,0,0,0,0,0,0,NA,NA,10000.0,10000.0,0.0,1.0,10000.0,10000.0,0.0,0
58,Guanosine,C10H13N5O5,+,ESI,7.7,9.7,10,0.2,284.0989,284.099,0.1,S02482,8.98,8.96,9.13,0.17,10000.0,10000.0,10000.0,10000.0,10000.0,10000.0,10000.0,10000.0,0,0,0,0,0,0,0,NA,NA,10000.0,10000.0,0.0,1.0,10000.0,10000.0,0.0,0
59,Guanosine diphosphate,C10H15N5O11P2,-,ESI,13.8,15.8,10,0.2,442.0171,442.0161,-2.1,S02474,15.07,14.96,15.23,0.28,10000.0,10000.0,10000.0,10000.0,10000.0,10000.0,10000.0,10000.0,0,0,0,0,0,0,0,NA,NA,10000.0,10000.0,0.0,1.0,10000.0,10000.0,0.0,0
60,Guanosine monophosphate,C10H14N5O8P,+,ESI,12.6,14.6,10,0.2,364.0653,364.0634,-5.0,S02483,13.78,13.6,13.83,0.23,10000.0,10000.0,10000.0,10000.0,10000.0,10000.0,10000.0,10000.0,0,0,0,0,0,0,0,NA,NA,10000.0,10000.0,0.0,1.0,10000.0,10000.0,0.0,0
61,Guanosine triphosphate,C10H16N5O14P3,-,ESI,15.0,17.0,10,0.2,521.9834,521.9824,-1.8,S02466,16.63,16.44,16.88,0.44,10000.0,10000.0,10000.0,10000.0,10000.0,10000.0,10000.0,10000.0,0,0,0,0,0,0,0,NA,NA,10000.0,10000.0,0.0,1.0,10000.0,10000.0,0.0,0
62,Homocysteine,C4H9NO2S,-,ESI,7.3,9.3,10,0.2,134.0281,134.0272,-6.6,S02483,8.41,8.3,8.49,0.19,5865278.0,5189900.0,5484653.0,5106082.0,6261250.0,6573472.0,5773044.0,5551615.0,8762,11961,10215,442629,46910,609969,42780,0.07205938761249261,13.877442386516124,5411478.25,6039845.25,-0.15848883803029523,0.895963062960926,512811.14285714284,5725661.75,89.0,8
63,Hypotaurine,C2H7NO2S,-,ESI,10.0,12.0,10,0.2,108.0125,108.0117,-7.6,S02473,11.27,11.17,11.49,0.32,14390.0,18238.0,23961.0,18419.0,10484.714285714286,10484.714285714286,10484.714285714286,10484.714285714286,0,0,0,0,0,1131,0,0.005697366212727997,175.51969851718252,18752.0,10484.714285714286,0.8387569271435271,1.7885084408594825,10484.714285714286,14618.357142857143,5.0,4
64,Hypoxanthine,C5H4N4O,+,ESI,5.8,7.8,10,0.2,137.0458,137.0456,-1.3,S02468,6.98,6.91,7.09,0.18,3131638.0,2579546.0,3216158.0,2957041.0,2771326.0,2768788.0,2460461.0,2690653.0,0,0,0,4968,0,4776,0,0.10989564283615369,9.099541839806392,2971095.75,2672807.0,0.15263943373229916,1.1116013052943965,14176.0,2821951.375,29.0,8
65,Inosine,C10H12N4O5,+,ESI,6.4,8.4,10,0.2,269.08799999999997,269.0872,-3.1,S02482,7.61,7.55,7.76,0.21,299704.0,184858.0,503922.0,335742.0,54514.0,100297.0,79159.0,105015.0,1470,0,0,5590,2340,5001,1920,0.010372875121686513,96.40528669908552,331056.5,84746.25,1.9658560207655202,3.9064442379456317,16994.714285714286,207901.375,78.0,8
66,Inosinic acid,C10H13N4O8P,+,ESI,11.4,13.4,10,0.2,349.0544,349.05199999999996,-6.8,S02485,12.59,12.5,12.64,0.14,194143.42857142858,194143.42857142858,194143.42857142858,194143.42857142858,194143.42857142858,194143.42857142858,194143.42857142858,194143.42857142858,68331,63640,75091,58699,60474,49643,53790,NA,NA,194143.42857142858,194143.42857142858,0.0,1.0,194143.42857142858,194143.42857142858,0.0,0
67,L-Acetylcarnitine,C9H17NO4,+,ESI,6.3,8.3,10,0.2,204.123,204.1227,-1.5,S02483,7.48,7.25,7.57,0.33,10339.42857142857,10339.42857142857,10339.42857142857,10339.42857142857,10339.42857142857,10339.42857142857,10339.42857142857,10339.42857142857,0,0,0,0,792,0,0,NA,NA,10339.42857142857,10339.42857142857,0.0,1.0,10339.42857142857,10339.42857142857,0.0,0
68,L-Alanine,C3H7NO2,+,ESI,10.6,11.3,10,0.2,90.055,90.0555,5.6,S02483,11.02,10.97,11.11,0.14,1701093.0,1791257.0,1803986.0,2052984.0,2335080.0,2469424.0,2764921.0,1978872.0,359251,358121,435453,297150,264334,270258,252688,0.022210697198661054,45.023350282776526,1837330.0,2387074.25,-0.37763267223297625,0.769699560036727,968823.5714285715,2112202.125,124.0,8
69,L-Arginine,C6H14N4O2,+,ESI,18.0,20.0,10,0.2,175.11900000000003,175.1187,-1.6,S02483,19.36,19.28,19.42,0.14,20845.0,19477.0,23685.0,18771.0,297802.0,429862.0,341847.0,284322.0,1469,1370,1480,5148,1836,2562,2097,7.020360322685558e-05,14244.283114195789,20694.5,338458.25,-4.0316585862001375,0.061143434973146615,16840.857142857145,179576.375,41835.0,8
70,L-Asparagine,C4H8N2O3,+,ESI,10.3,12.3,10,0.2,133.0608,133.0607,-0.6,S02483,11.58,11.44,11.69,0.25,10000.0,10000.0,10000.0,10000.0,10000.0,10000.0,10000.0,10000.0,0,0,0,0,0,0,0,NA,NA,10000.0,10000.0,0.0,1.0,10000.0,10000.0,0.0,0
71,L-Aspartic acid,C4H7NO4,-,ESI,10.8,12.8,10,0.2,132.0302,132.0291,-8.6,S02468,12.01,11.98,12.08,0.11,7330566.0,6758738.0,7197961.0,7008306.0,8911059.0,10814122.0,8217962.0,8572513.0,8626,10221,9017,677735,49317,940099,56864,0.01332344216585513,75.0556791219289,7073892.75,9128914.0,-0.3679388976086138,0.7748887490888839,760805.2857142857,8101403.375,785.0,8
72,L-Carnitine,C7H15NO3,+,ESI,8.3,10.3,10,0.2,162.1125,162.1123,-1.2,S02483,9.57,9.43,9.71,0.28,10807.428571428572,10807.428571428572,10807.428571428572,10807.428571428572,10807.428571428572,10807.428571428572,10807.428571428572,10807.428571428572,0,1051,0,0,0,0,833,NA,NA,10807.428571428572,10807.428571428572,0.0,1.0,10807.428571428572,10807.428571428572,0.0,0
73,L-Cystathionine,C7H14N2O4S,+,ESI,12.2,14.2,10,0.2,223.0747,223.0737,-4.4,S02483,13.36,13.26,13.6,0.34,71553.0,63090.0,64398.0,44145.0,61639.0,63699.0,67269.0,61278.0,0,0,0,1785,0,13344,0,0.6720321533505734,1.4880240402401377,60796.5,63471.25,-0.06211498387366624,0.9578588731118419,16483.857142857145,62133.875,0.0,8
74,L-Cysteine,C3H7NO2S,+,ESI,13.0,17.0,10,0.2,122.027,122.0271,0.5,S02481,15.83,15.7,15.92,0.21,10000.0,10000.0,10000.0,10000.0,10000.0,10000.0,10000.0,10000.0,0,0,0,0,0,0,0,NA,NA,10000.0,10000.0,0.0,1.0,10000.0,10000.0,0.0,0
75,L-Cystine,C6H12N2O4S2,-,ESI,11.7,13.7,10,0.2,239.0166,239.0159,-2.7,S02487,12.9,12.83,13.08,0.25,36945.0,22781.0,23869.0,31733.0,16713.0,21731.0,35601.0,24196.0,1150,0,0,1202,0,1591,0,0.4445159851811614,2.2496378833090835,28832.0,24560.25,0.23134567021704913,1.1739294184709033,11689.857142857143,26696.125,0.0,8
76,L-Glutamic acid,C5H9NO4,+,ESI,10.0,13.0,10,0.2,148.0604,148.0602,-1.8,S02483,11.75,11.69,11.78,0.1,10000.0,10000.0,14478.0,11054.0,15709.0,18490.0,12218.0,18575.0,0,0,0,0,0,0,0,0.038097650519253554,26.2483377943379,11383.0,16248.0,-0.5133813133994696,0.7005785327424914,10000.0,13815.5,1.0,6
77,L-Glutamine,C5H10N2O3,+,ESI,10.1,12.1,10,0.2,147.0764,147.0762,-1.6,S02482,11.31,11.31,11.44,0.14,37630.42857142857,37630.42857142857,37630.42857142857,37630.42857142857,37630.42857142857,37630.42857142857,37630.42857142857,37630.42857142857,9857,9453,7005,11672,7717,11423,7344,NA,NA,37630.42857142857,37630.42857142857,0.0,1.0,37630.42857142857,37630.42857142857,0.0,0
78,L-Histidine,C6H9N3O2,+,ESI,9.9,11.9,10,0.2,156.0768,156.0766,-0.9,S02474,11.9,11.68,11.92,0.24,281527.0,261338.0,395948.0,197357.0,371213.0,570404.0,280688.0,336430.0,14148,17050,12020,15127,10489,19068,10225,0.21089286734653734,4.741744055083706,284042.5,389683.75,-0.45619696184117353,0.7289051698973847,52054.42857142857,336863.125,2.0,8
79,L-Isoleucine,C6H13NO2,+,ESI,6.0,7.5,10,0.2,132.1019,132.1018,-0.9,S02483,7.35,7.29,7.38,0.09,51638.71428571429,51638.71428571429,51638.71428571429,51638.71428571429,51638.71428571429,51638.71428571429,51638.71428571429,51638.71428571429,11859,13513,15514,12701,14467,15708,13395,NA,NA,51638.71428571429,51638.71428571429,0.0,1.0,51638.71428571429,51638.71428571429,0.0,0
80,L-Kynurenine,C10H12N2O3,+,ESI,6.0,8.0,10,0.2,209.0921,209.0921,0.0,S02474,7.29,7.23,7.43,0.19,10000.0,10000.0,10000.0,10000.0,10826.0,12467.0,10000.0,10000.0,0,0,0,0,0,0,0,0.20659129267751467,4.840475060877721,10000.0,10823.25,-0.11413377595246865,0.9239368951100639,10000.0,10411.625,0.0,2
81,L-Lactic acid,C3H6O3,-,ESI,6.2,8.2,20,0.2,89.0244,89.0232,-13.2,S02483,7.2,7.03,7.35,0.32,22783.0,22783.0,49417.0,22783.0,22783.0,22783.0,22783.0,27986.0,0,0,0,1720,0,0,28107,0.45975300092906146,2.1750809629936425,29441.5,24083.75,0.28979112960478237,1.2224632791820211,22783.0,26762.625,0.0,2
82,L-Leucine,C6H13NO2,+,ESI,7.5,9.0,10,0.2,132.1019,132.1017,-1.2,S02483,7.75,7.68,7.86,0.18,280329.0,461249.0,433671.0,330536.0,548486.0,434913.0,401250.0,407857.0,52791,44985,58193,45731,48321,44240,37640,0.23782162898997783,4.204832017369377,376446.25,448126.5,-0.25146215515666603,0.8400446079399455,152243.2857142857,412286.375,2.0,8
83,L-Lysine,C6H14N2O2,+,ESI,17.0,18.5,10,0.2,147.1128,147.1126,-1.5,S02468,18.41,18.41,18.49,0.08,12183594.0,10128006.0,14062091.0,12511317.0,14545772.0,17413912.0,14158045.0,15564436.0,973545,960334,646923,1095347,476384,967315,436913,0.02594517164628024,38.542816892227805,12221252.0,15420541.25,-0.3354613148148848,0.7925306772225003,2391469.0,13820896.625,672.0,8
84,L-Malic acid,C4H6O5,-,ESI,12.2,14.2,10,0.2,133.0142,133.0131,-8.5,S02468,13.26,13.24,13.34,0.09,4626608.0,4165649.0,4715094.0,4324103.0,5150466.0,5823785.0,4627628.0,4978444.0,8156,26754,10568,14834,16783,20676,10633,0.050666937165731424,19.73673673482576,4457863.5,5145080.75,-0.2068412779421614,0.8664321740722922,56458.857142857145,4801472.125,109.0,8
85,L-Methionine,C5H11NO2S,+,ESI,6.8,8.8,10,0.2,150.0583,150.0581,-1.5,S02483,7.99,7.99,8.09,0.11,11940224.0,10872674.0,12410737.0,11296995.0,13857913.0,16149392.0,13467908.0,13252141.0,7725,8656,5550,1112571,92551,1414426,140583,0.014413190760309662,69.38088981336118,11630157.5,14181838.5,-0.2861739378078317,0.820074033419574,1202312.2857142857,12905998.0,1092.0,8
86,L-Phenylalanine,C9H11NO2,+,ESI,5.6,7.6,10,0.2,166.0863,166.0859,-2.0,S02483,6.81,6.74,7.06,0.33,13828592.0,11948896.0,12332565.0,10438096.0,14556623.0,18898790.0,13597409.0,15050937.0,2489,4709,2463,751570,19828,1198514,33562,0.04664027249711468,21.440698058997473,12137037.25,15525939.75,-0.3552643032359341,0.7817264169146347,872772.1428571427,13831488.5,379.0,8
87,L-Proline,C5H9NO2,+,ESI,7.9,9.9,10,0.2,116.0706,116.0707,0.8,S02483,9.17,9.11,9.23,0.12,3310622.0,2893115.0,3188737.0,2798374.0,3891168.0,4542091.0,3418555.0,3805172.0,0,1241,0,190234,5989,397606,9322,0.01640746013961078,60.94788538207731,3047712.0,3914246.5,-0.36100803391723385,0.7786203551564778,269025.14285714284,3480979.25,272.0,8
88,L-Serine,C3H7NO3,+,ESI,10.8,12.8,10,0.2,106.0499,106.0502,3.3,S02483,12.04,11.97,12.09,0.13,72232.85714285714,72232.85714285714,72232.85714285714,72232.85714285714,72232.85714285714,72232.85714285714,72232.85714285714,72232.85714285714,21738,27177,22593,19527,19068,17085,18022,NA,NA,72232.85714285714,72232.85714285714,0.0,1.0,72232.85714285714,72232.85714285714,0.0,0
89,L-Threonine,C4H9NO3,-,ESI,9.5,11.5,10,0.2,118.051,118.0498,-9.6,S02468,10.79,10.73,10.95,0.22,10000.0,10000.0,10000.0,10000.0,10000.0,10000.0,10000.0,10000.0,0,0,0,0,0,0,0,NA,NA,10000.0,10000.0,0.0,1.0,10000.0,10000.0,0.0,0
90,L-Tryptophan,C11H12N2O2,+,ESI,6.8,8.8,10,0.2,205.0972,205.0968,-1.6,S02483,8.11,8.04,8.18,0.14,302898.0,1896947.0,2425422.0,1026664.0,2371492.0,2780727.0,2273746.0,2475202.0,2153,5318,4065,71797,5477,161298,7345,0.06962902539554691,14.36182675714939,1412982.75,2475291.75,-0.8088547252670476,0.5708348318940586,120337.0,1944137.25,49.0,8
91,L-Tyrosine,C9H11NO3,+,ESI,8.2,10.2,10,0.2,182.0812,182.0809,-1.4,S02483,9.43,9.4,9.51,0.11,236049760.0,207851008.0,224900336.0,211714480.0,257906976.0,268870112.0,231641888.0,240846464.0,26541,23160,18603,24794360,904153,35996820,1415082,0.030656403003487608,32.61961293652865,220128896.0,249816360.0,-0.18251942126385745,0.8811628509838186,27086593.85714286,234972628.0,8698.0,8
92,L-Valine,C5H11NO2,+,ESI,8.4,9.2,10,0.2,118.0863,118.0864,0.9,S02483,8.9,8.68,8.99,0.31,7530410.0,6789942.0,7611930.0,6377508.0,11966288.0,12925965.0,9839812.0,10530828.0,38651,32098,26630,91762,16310,193591,7534,0.0013810319027806057,724.0962341178172,7077447.5,11315723.25,-0.6770277506381188,0.6254525091889288,184246.85714285716,9196585.375,10647.0,8
93,N6-Acetyl-L-lysine,C8H16N2O3,+,ESI,1.9,3.9,10,0.2,189.1234,189.1219,-7.9,S02468,3.04,2.92,3.23,0.31,858901.0,661003.0,837296.0,758546.0,1142662.0,1430338.0,1382126.0,1112178.0,38580,35230,33300,228181,101479,178188,99205,0.0019128905003593323,522.7690763335132,778936.5,1266826.0,-0.7016407546094545,0.6148725239298846,316069.85714285716,1022881.25,870.0,8
94,N-Acetylglutamic acid,C7H11NO5,+,ESI,10.3,12.3,10,0.2,190.071,190.0707,-1.4,S02483,11.49,11.27,11.73,0.46,10000.0,10000.0,10000.0,10000.0,10000.0,10000.0,10000.0,10000.0,0,0,0,0,0,0,0,NA,NA,10000.0,10000.0,0.0,1.0,10000.0,10000.0,0.0,0
95,N-Acetylglutamine,C7H12N2O4,-,ESI,6.8,8.8,10,0.2,187.0724,187.0719,-2.6,S02483,7.94,7.71,8.05,0.33,10000.0,10000.0,10000.0,10000.0,10000.0,10000.0,10000.0,10000.0,0,0,0,0,0,0,0,NA,NA,10000.0,10000.0,0.0,1.0,10000.0,10000.0,0.0,0
96,N-Acetyl-L-alanine,C5H9NO3,+,ESI,6.0,7.0,10,0.2,132.0655,132.0655,-0.1,S02482,6.49,6.41,6.71,0.29,25727450.0,26592068.0,29395436.0,27180428.0,22266460.0,23475692.0,28564644.0,16786384.0,415532,388257,149526,10706866,1555796,18755352,2634402,0.13043871481561606,7.6664355472496615,27223845.5,22773295.0,0.25752782308542027,1.1954284832300288,14841027.57142857,24998570.25,229.0,8
97,N-Acetyl-L-methionine,C7H13NO3S,+,ESI,3.0,5.0,10,0.2,192.0689,192.0689,0.2,S02483,4.14,4.09,4.39,0.3,16051.428571428572,16051.428571428572,16051.428571428572,16051.428571428572,16051.428571428572,16051.428571428572,16051.428571428572,16051.428571428572,1691,1843,2443,1508,2271,2278,2086,NA,NA,16051.428571428572,16051.428571428572,0.0,1.0,16051.428571428572,16051.428571428572,0.0,0
98,N-Acetyl-L-phenylalanine,C11H13NO3,+,ESI,2.8,4.0,10,0.2,208.0968,208.0969,0.4,S02471,3.33,3.27,3.55,0.28,13617.142857142857,13617.142857142857,24541.0,16262.0,19552.0,22196.0,13617.142857142857,13617.142857142857,2038,1533,1361,1047,0,956,1505,0.9464230591809448,1.0566099275575787,17009.321428571428,17245.571428571428,-0.019900345862259843,0.9863008308551263,13617.142857142857,17127.446428571428,0.0,4
99,N-Acetylornithine,C7H14N2O3,+,ESI,8.6,10.6,10,0.2,175.1077,175.1077,-0.2,S02483,9.82,9.72,10.05,0.33,99190.0,107081.0,111342.0,115738.0,456123.0,413541.0,247307.0,115219.0,5460,2908,3010,6386,1962,2949,2666,0.043971179623868456,22.742169042405667,108337.75,308047.5,-1.5076167935307128,0.3516917033898993,20860.428571428572,208192.625,13.0,8
100,N-Acetylserine,C5H9NO4,-,ESI,7.5,8.5,10,0.2,146.0459,146.0449,-7.0,S02483,8.14,7.94,8.36,0.43,46048.0,39626.0,58470.0,54169.0,71093.0,67938.0,65658.0,76060.0,1767,2152,1527,1063,1094,1734,956,0.004958118559754315,201.6894085827492,49578.25,70187.25,-0.5015016303321267,0.7063711714022134,14411.285714285714,59882.75,17.0,8
101,NAD,C21H27N7O14P2,+,ESI,9.9,11.9,10,0.2,664.1164,664.1151,-1.9,S02469,10.92,10.84,11.03,0.18,10000.0,10000.0,10000.0,10000.0,10000.0,10000.0,10000.0,10000.0,0,0,0,0,0,0,0,NA,NA,10000.0,10000.0,0.0,1.0,10000.0,10000.0,0.0,0
102,NADH,C21H29N7O14P2,-,ESI,9.5,11.5,10,0.2,664.1175,664.1185,1.5,S02479,11.46,11.46,11.46,0.0,4564852.0,5148556.0,2545472.0,3285210.0,4043802.0,4071951.0,3440272.0,2648276.0,134477,131982,104130,126881,64306,201564,63443,0.6399823205844495,1.5625431638279828,3886022.5,3551075.25,0.13003832163170465,1.0943227688571229,364335.5714285714,3718548.875,6.0,8
103,NADP,C21H28N7O17P3,+,ESI,12.7,14.7,10,0.2,744.0827,744.0887,8.1,S02480,13.17,12.98,13.17,0.2,78584.0,92885.0,44173.0,58260.0,75072.0,86679.0,46740.0,51178.0,7076,6514,3102,5506,6307,6838,6534,0.8130874175203958,1.229880057730589,68475.5,64917.25,0.07698600907916844,1.0548120876962594,27947.285714285714,66696.375,0.0,8
104,NADPH,C21H30N7O17P3,-,ESI,13.0,15.0,10,0.2,744.0838,744.0891,7.0,S02478,13.33,13.33,13.33,0.0,14400.571428571428,14400.571428571428,14400.571428571428,14400.571428571428,14400.571428571428,14400.571428571428,14400.571428571428,14400.571428571428,1637,1640,1599,1551,1009,1207,1625,NA,NA,14400.571428571428,14400.571428571428,0.0,1.0,14400.571428571428,14400.571428571428,0.0,0
105,Niacinamide,C6H6N2O,+,ESI,3.3,5.3,10,0.2,123.0553,123.0553,-0.2,S02468,4.46,4.44,4.56,0.13,1028972.0,1008629.0,1142735.0,754798.0,745004.0,582448.0,1146426.0,1053020.0,33063,27325,27236,36754,28051,40197,35343,0.534499862368629,1.8709078718346406,983783.5,881724.5,0.15801291075642723,1.1157493071815516,107701.0,932754.0,2.0,8
106,Nicotinic acid,C6H5NO2,-,ESI,5.5,7.5,10,0.2,122.0248,122.0237,-8.6,SQ193_B_0,5.6,5.48,5.84,0.36,57205.0,35725.0,93196.0,44378.0,65654.0,60348.0,97943.0,83561.0,0,0,0,1019,0,1467,0,0.2549960712030772,3.9216290481730853,57626.0,76876.5,-0.415822773964382,0.7495918778820576,11065.428571428572,67251.25,0.0,8
107,O-Phosphoethanolamine,C2H8NO4P,+,ESI,11.4,13.4,10,0.2,142.0264,142.0264,0.1,S02472,12.68,12.68,12.84,0.16,4368004.0,3766514.0,4476741.0,3905100.0,1662926.0,1865186.0,1605911.0,1579771.0,48663,47391,44880,69876,49803,139198,63640,1.1354791248616937e-05,88068.54992792619,4129089.75,1678448.5,1.298695505949983,2.4600634157080186,208621.85714285713,2903769.125,629114.0,8
108,Ornithine,C5H12N2O2,+,ESI,15.3,17.3,10,0.2,133.0972,133.0971,-0.6,S02483,16.98,16.9,17.11,0.21,181325520.0,167173760.0,178522016.0,168761856.0,157664896.0,171570368.0,150238352.0,145886880.0,68457,55624,63936,2734716,88259,5931040,125044,0.03786299346625905,26.411012665734756,173945788.0,156340124.0,0.153949658179396,1.1126112961251073,3895889.714285714,165142956.0,4853.0,8
109,Orotic acid,C5H4N2O4,-,ESI,6.7,8.7,10,0.2,155.0098,155.0089,-5.9,S02483,7.76,7.54,7.91,0.38,10000.0,10000.0,10000.0,10000.0,10000.0,11384.0,12196.0,10774.0,0,0,0,0,0,0,0,0.05787997884511674,17.277131401100515,10000.0,11088.5,-0.14906421771554074,0.9018352347026198,10000.0,10544.25,0.0,3
110,Orotidylic acid,C10H13N2O11P,+,ESI,0.0,30.0,10,0.2,369.033,369.0324,-1.4,S02475,19.44,19.26,19.55,0.29,375588.5714285714,375588.5714285714,375588.5714285714,375588.5714285714,883649.0,840867.0,696572.0,743252.0,151860,181037,149232,107531,91930,84479,86971,7.112798451508004e-05,14059.164010024595,375588.5714285714,791085.0,-1.0746795520983716,0.47477650496289453,375588.5714285714,583336.7857142857,17274.0,4
111,Oxidized glutathione,C20H32N6O12S2,+,ESI,13.5,15.5,10,0.2,613.1592,613.1587,-0.9,S02483,14.59,14.56,14.75,0.19,209229.0,137063.0,201147.0,173567.0,198710.0,279346.0,197699.0,230161.0,3180,7403,4397,3389,2096,4224,3903,0.11576181891208535,8.638426809442622,180251.5,226479.0,-0.3293660190651085,0.7958861528000388,22253.714285714286,203365.25,2.0,8
112,Oxoadipic acid,C6H8O5,-,ESI,7.5,9.5,10,0.2,159.0299,159.0291,-5.0,S02482,7.69,7.55,7.85,0.3,10000.0,10000.0,10000.0,10000.0,10000.0,10000.0,10000.0,10000.0,0,0,0,0,0,0,0,NA,NA,10000.0,10000.0,0.0,1.0,10000.0,10000.0,0.0,0
113,Oxoglutaric acid,C5H6O5,-,ESI,10.8,14.8,10,0.2,145.0142,145.0132,-6.9,S02482,12.9,12.67,12.95,0.28,306234.0,116401.0,179573.0,228844.0,152291.0,288994.0,174816.0,240363.0,33957,27310,33667,32591,28486,39697,31841,0.9045270617362906,1.1055501181804817,207763.0,214116.0,-0.04345385524696184,0.9703291673672215,107521.0,210939.5,0.0,8
114,Palmitic acid,C16H32O2,-,ESI,1.6,3.6,10,0.2,255.233,255.2327,-1.1,S02473,2.71,2.57,2.94,0.38,425120.0,313967.0,359202.0,277117.0,360426.0,273765.0,244813.0,155216.0,8591,8467,9458,14909,8791,15352,10770,0.15843013972723163,6.31193030392888,343851.5,258555.0,0.41131443486340585,1.3298969271528303,42716.28571428571,301203.25,3.0,8
115,Pantothenic acid,C9H17NO5,+,ESI,5.1,7.1,10,0.2,220.1179,220.1176,-1.7,S02482,6.23,6.03,6.44,0.4,10000.0,10000.0,10000.0,10000.0,10000.0,10000.0,10000.0,10000.0,0,0,0,0,0,0,0,NA,NA,10000.0,10000.0,0.0,1.0,10000.0,10000.0,0.0,0
116,Phenol,C6H6O,-,ESI,2.1,4.1,10,0.2,93.0346,0.0,0.0,NA,0.0,0.0,0.0,0.0,10000.0,10000.0,10000.0,10000.0,10000.0,10000.0,10000.0,10000.0,0,0,0,0,0,0,0,NA,NA,10000.0,10000.0,0.0,1.0,10000.0,10000.0,0.0,0
117,Phosphocreatine,C4H10N3O5P,-,ESI,11.2,13.2,10,0.2,210.0285,210.028,-2.5,S02468,12.3,12.27,12.34,0.07,39611.71428571429,39611.71428571429,39611.71428571429,39611.71428571429,39611.71428571429,39611.71428571429,39611.71428571429,39611.71428571429,13143,10267,11415,8582,8058,9024,8605,NA,NA,39611.71428571429,39611.71428571429,0.0,1.0,39611.71428571429,39611.71428571429,0.0,0
118,Phosphoenolpyruvic acid,C3H5O6P,-,ESI,13.6,15.6,10,0.2,166.9751,166.9745,-3.5,S02468,14.75,14.63,14.83,0.2,21988774.0,25657714.0,31106010.0,29534268.0,44717272.0,49086360.0,38591636.0,33832180.0,629256,551589,398563,326565,181144,254256,150818,0.01025757397927733,97.48893861455264,27071691.5,41556862.0,-0.6183016858259941,0.6514373366304703,1078081.8571428573,34314276.75,5135.0,8
119,Phosphoribosyl pyrophosphate,C5H13O14P3,-,ESI,15.0,18.0,10,0.2,388.9445,0.0,0.0,NA,0.0,0.0,0.0,0.0,10000.0,10000.0,10000.0,10000.0,10000.0,10000.0,10000.0,10000.0,0,0,0,0,0,0,0,NA,NA,10000.0,10000.0,0.0,1.0,10000.0,10000.0,0.0,0
120,Phosphorylcholine,C5H15NO4P,+,ESI,10.4,12.4,10,0.2,185.0811,185.0797,-8.0,S02485,11.48,11.24,11.73,0.49,297376.0,430284.0,646374.0,290453.0,939016.0,443559.0,493084.0,602328.0,193951,227534,84946,18034,10474,12354,8859,0.19423985594982324,5.148273999226625,416121.75,619496.75,-0.5740910160757242,0.6717093350368666,248350.85714285713,517809.25,4.0,8
121,Phosphoserine,C3H8NO6P,+,ESI,11.5,13.5,10,0.2,186.0162,186.0161,-0.5,S02469,11.74,11.61,11.82,0.21,35586.142857142855,35586.142857142855,35586.142857142855,35586.142857142855,35586.142857142855,35586.142857142855,35586.142857142855,35586.142857142855,10897,9227,11509,8073,6205,6844,6946,NA,NA,35586.142857142855,35586.142857142855,0.0,1.0,35586.142857142855,35586.142857142855,0.0,0
122,Pipecolic acid,C6H11NO2,+,ESI,7.5,9.5,10,0.2,130.0863,130.0863,0.0,S02483,8.76,8.59,8.99,0.4,2693520.1428571427,12448451.0,19063556.0,2693520.1428571427,28933068.0,3218504.0,7187884.0,14056781.0,2014005,2196080,1524191,216860,169481,80331,60599,0.5735487196906714,1.7435310474397432,9224761.82142857,13349059.25,-0.5331545071307668,0.6910420913315349,2693520.1428571427,11286910.535714285,28.0,6
123,Propionylcarnitine,C10H19NO4,+,ESI,5.2,7.2,10,0.2,218.1387,218.1387,0.1,S02468,6.35,6.12,6.59,0.46,975600.0,1823846.0,1900381.0,905806.0,3049871.0,1963872.0,2450017.0,2523222.0,414190,350161,134438,200193,46707,78006,23961,0.019710747467200657,50.733743185743386,1401408.25,2496745.5,-0.8331714765437915,0.5612939925194619,544709.7142857143,1949076.875,176.0,8
124,Pyruvic acid,C3H4O3,-,ESI,8.0,12.0,20,0.2,87.0088,87.0076,-13.6,S02482,11.06,10.84,11.21,0.37,407240.0,367517.0,496019.0,440201.0,199669.0,224893.0,169677.0,227721.0,7168,9017,9530,15815,7773,18897,8057,0.00033103701168811863,3020.8102559303384,427744.25,205490.0,1.0576802731947978,2.0815818287994547,42681.57142857143,316617.125,1991.0,8
125,Ribose 1-phosphate,C5H11O8P,-,ESI,11.0,12.4,10,0.2,229.0119,229.0109,-4.3,S02482,12.02,12.02,12.17,0.16,12392.714285714286,12392.714285714286,12392.714285714286,12392.714285714286,12392.714285714286,12392.714285714286,12392.714285714286,12392.714285714286,1301,1385,1003,969,0,0,925,NA,NA,12392.714285714286,12392.714285714286,0.0,1.0,12392.714285714286,12392.714285714286,0.0,0
126,Saccharopine,C11H20N2O6,-,ESI,11.0,14.0,10,0.2,275.1249,275.1241,-2.6,S02473,12.58,12.52,12.67,0.15,10000.0,13618.0,11333.0,10000.0,17570.0,13630.0,11819.0,12259.0,0,0,0,0,0,0,0,0.14944764242782826,6.691306625883531,11237.75,13819.5,-0.2983522079345021,0.8131806505300481,10000.0,12528.625,0.0,6
127,S-Adenosylhomocysteine,C14H20N6O5S,-,ESI,8.6,10.6,10,0.2,383.1143,383.1128,-4.0,S02483,9.74,9.69,9.86,0.18,141041.0,117061.0,113862.0,92281.0,226764.0,314209.0,185861.0,204860.0,6992,3592,2807,3231,2422,6600,5303,0.008098515040756761,123.4794273971683,116061.25,232923.5,-1.0049698303846266,0.4982805513398176,23263.0,174492.375,43.0,8
128,S-Adenosylmethionine,C15H22N6O5S,+,ESI,10.7,12.7,10,0.2,399.1445,399.1434,-2.8,S02468,12.02,11.94,12.05,0.1,13856.285714285714,13856.285714285714,13856.285714285714,13856.285714285714,13856.285714285714,13856.285714285714,13856.285714285714,13856.285714285714,0,1948,0,1557,1865,1978,1650,NA,NA,13856.285714285714,13856.285714285714,0.0,1.0,13856.285714285714,13856.285714285714,0.0,0
129,Sarcosine,C3H7NO2,+,ESI,11.3,12.0,10,0.2,90.055,90.0554,5.4,S02472,11.56,11.35,11.78,0.43,1239074.0,1172739.0,1341501.0,1082798.0,2879016.0,2880946.0,2656556.0,2847938.0,7170,8151,7446,15309,7028,14322,6863,7.613827609939869e-07,1313399.844638586,1209028.0,2816114.0,-1.21985808085858,0.42932494920305075,38409.57142857143,2012571.0,6156899.0,8
130,Succinic acid,C4H6O4,-,ESI,11.3,13.3,10,0.2,117.0193,117.0182,-9.8,S02483,12.45,12.26,12.58,0.32,17179.0,10466.0,22382.0,15306.0,20495.0,21403.0,24328.0,23198.0,0,0,0,0,0,0,0,0.06047780656552277,16.534991210644876,16333.25,22356.0,-0.4528501923144161,0.7305980497405619,10000.0,19344.625,0.0,8
131,Taurine,C2H7NO3S,-,ESI,10.2,12.2,10,0.2,124.0074,124.0063,-9.1,S02468,11.43,11.38,11.49,0.11,25411.428571428572,25411.428571428572,25411.428571428572,25411.428571428572,25411.428571428572,25411.428571428572,25411.428571428572,25411.428571428572,4153,5377,3744,4864,4507,5409,7906,NA,NA,25411.428571428572,25411.428571428572,0.0,1.0,25411.428571428572,25411.428571428572,0.0,0
132,Thymidine,C10H14N2O5,+,ESI,8.2,10.2,10,0.2,243.0975,243.0959,-6.8,S02487,9.2,8.96,9.44,0.48,47759.0,31897.0,37224.0,49842.0,123702.0,22823.714285714286,40710.0,25809.0,5800,2961,5676,5754,2642,2137,4952,0.6489974288365711,1.5408381536929285,41680.5,53261.17857142857,-0.3537117687612506,0.7825681127972465,22823.714285714286,47470.83928571429,0.0,7
133,Uracil,C4H4N2O2,+,ESI,5.4,7.4,10,0.2,113.0346,113.0348,2.0,S02485,6.69,6.53,6.92,0.39,6380946.0,5676518.0,6374983.0,5446855.0,9584413.0,10932198.0,8792824.0,9076204.0,14505,9697,8913,56644,10523,104704,9728,0.0004877383898931275,2050.27945456399,5969825.5,9596409.75,-0.6848059978678058,0.6220894746600415,102020.28571428571,7783117.625,25652.0,8
134,Ureidopropionic acid,C4H8N2O3,-,ESI,10.4,12.4,10,0.2,131.0462,131.0451,-8.6,S02483,11.53,11.49,11.69,0.2,3383657.0,2974739.0,3531647.0,2971681.0,5202618.0,6135116.0,4683958.0,4558530.0,3336,6435,3484,49521,6936,95324,7109,0.0024473552590600265,408.6043480193706,3215431.0,5145055.5,-0.6781745086485956,0.6249555519857852,83776.42857142858,4180243.25,2733.0,8
135,Ureidosuccinic acid,C5H8N2O5,-,ESI,12.8,14.8,10,0.2,175.03599999999997,175.0353,-4.4,S02483,13.95,13.93,14.05,0.12,10429.42857142857,10429.42857142857,10429.42857142857,10429.42857142857,10429.42857142857,15839.0,10429.42857142857,10429.42857142857,0,0,0,0,0,1002,0,0.3559176837495817,2.8096384238766423,10429.42857142857,11781.82142857143,-0.17590247730376984,0.8852136008560402,10429.42857142857,11105.625,0.0,1
136,Uric acid,C5H4N4O3,+,ESI,8.8,10.8,10,0.2,169.0356,0.0,0.0,NA,0.0,0.0,0.0,0.0,32502.0,39820.0,30980.0,38410.0,61056.0,51231.0,53377.0,31912.0,1760,2329,1947,5216,1734,5617,1511,0.0775371613317539,12.89704166137004,35428.0,49394.0,-0.4794457810701041,0.7172531076648986,18620.285714285714,42411.0,1.0,8
137,Uridine,C9H12N2O6,-,ESI,10.0,13.0,10,0.2,243.0623,243.06099999999998,-5.2,S02468,11.67,11.58,11.75,0.17,265402.4285714286,265402.4285714286,265402.4285714286,265402.4285714286,265402.4285714286,265402.4285714286,265402.4285714286,265402.4285714286,101446,122001,72418,80563,43665,132929,42917,NA,NA,265402.4285714286,265402.4285714286,0.0,1.0,265402.4285714286,265402.4285714286,0.0,0
138,Uridine 5'-diphosphate,C9H14N2O12P2,+,ESI,12.4,14.4,10,0.2,405.0095,405.0078,-4.0,S02483,13.55,13.48,13.68,0.2,11005.0,10642.0,10642.0,12384.0,12527.0,13448.0,10642.0,11285.0,0,1498,0,0,0,0,0,0.3243223017448186,3.0833525620042446,11168.25,11975.5,-0.10068275090739039,0.9325915410630037,10642.0,11571.875,0.0,5
139,Uridine 5'-monophosphate,C9H13N2O9P,-,ESI,11.2,13.2,10,0.2,323.0286,323.0284,-0.6,S02482,12.28,12.21,12.4,0.18,16157.0,12374.714285714286,13687.0,13696.0,16896.0,20340.0,12374.714285714286,12374.714285714286,0,1376,1533,1409,0,1223,0,0.4949795991178866,2.0202852840442733,13978.678571428572,15496.357142857145,-0.14870112236158942,0.9020622358250096,12374.714285714286,14737.517857142859,0.0,5
140,Uridine diphosphate glucose,C15H24N2O17P2,-,ESI,12.4,14.4,10,0.2,565.0477,565.0482,0.8,S02483,13.54,13.51,13.62,0.11,18126.0,17956.0,28682.0,20434.0,28994.0,29888.0,30776.0,36026.0,0,0,0,0,0,2131,1265,0.014501325390573874,68.9592139384734,21299.5,31421.0,-0.5609095323843794,0.6778746698068171,11455.428571428572,26360.25,3.0,8
141,Uridine diphosphate-N-acetylglucosamine,C17H27N3O17P2,+,ESI,11.2,13.2,10,0.2,608.0888,608.0878,-1.8,S02482,12.36,12.29,12.4,0.11,10000.0,10000.0,13228.0,10000.0,10000.0,10000.0,10000.0,10668.0,0,0,0,0,0,0,0,0.4668933432923079,2.141816786138949,10807.0,10167.0,0.08807204694779126,1.0629487557784991,10000.0,10487.0,0.0,2
142,Uridine triphosphate,C9H15N2O15P3,-,ESI,15.0,18.0,10,0.2,482.9613,482.9583,-6.1,S02468,15.1,15.03,15.27,0.25,10000.0,10000.0,10000.0,10000.0,10000.0,10000.0,10000.0,10000.0,0,0,0,0,0,0,0,NA,NA,10000.0,10000.0,0.0,1.0,10000.0,10000.0,0.0,0
143,Valerylcarnitine,C12H23NO4,+,ESI,3.6,5.7,10,0.2,246.17,246.1707,3.0,S02473,4.45,4.44,4.7,0.26,10000.0,10000.0,10000.0,10000.0,10000.0,10000.0,10000.0,10000.0,0,0,0,0,0,0,0,NA,NA,10000.0,10000.0,0.0,1.0,10000.0,10000.0,0.0,0
144,Xanthine,C5H4N4O2,-,ESI,7.5,9.4,10,0.2,151.0261,151.0252,-6.2,S02482,8.57,8.37,8.78,0.41,466501.0,333984.0,487875.0,384918.0,1086393.0,1192908.0,962105.0,1004336.0,8504,9422,8904,10025,9617,11582,9827,4.785370778402343e-05,20897.022327157327,418319.5,1061435.5,-1.3433395499811405,0.39410731975706487,39091.857142857145,739877.5,39231.0,8
145,Xanthosine,C10H12N4O6,-,ESI,6.7,8.7,10,0.2,283.0684,283.0694,3.4,S02482,8.08,7.92,8.1,0.18,3732414.0,3201324.0,3707903.0,3309916.0,3907852.0,4364665.0,3702502.0,3961827.0,2174,2828,6303,11651,1931,17759,2834,0.04313428000555017,23.183416991574408,3487889.25,3984211.5,-0.19194000289049273,0.8754277351992985,29491.428571428572,3736050.375,99.0,8
146,Xanthylic acid,C10H13N4O9P,-,ESI,11.0,13.0,10,0.2,363.0347,0.0,0.0,NA,0.0,0.0,0.0,0.0,1004193.0,747061.0,823991.0,870232.0,928117.0,1295570.0,1089211.0,876117.0,60352,27960,13582,124364,19713,179790,15618,0.13816948737116916,7.237487950676604,861369.25,1047253.75,-0.2819073233311572,0.822502903427178,199162.42857142858,954311.5,8.0,8
