,Metabolite,Formula,Polarity (z),Ion Mode,RT Start (min),RT End (min),m/z Tolerance (ppm),RT Tolerance (min),mz,obs_mz,ppm,winner,RT,RT_min,RT_max,RT_range,OLFR2 A,OLFR2 B,OLFR2 C,GPI1 A,GPI1 B,GPI1 C,GPI1 D,SQ147_B_0,SQ147_B_1,SQ147_B_2,SQ147_B_3,SQ147_B_4,SQ147_B_7,SQ147_B_8,ttest_pval,1/pvalue,OLFR2_Mean,GPI1_Mean,Log2FoldChange,LogFoldChange,blank_threshold,combined_mean,impact_score,Detection,OLFR2,GPI1
0,Beta-Alanine,C3H7NO2,+,ESI,9.8,10.5,10.0,0.2,90.055,90.0556,7.5,S01820,10.05,9.86,10.16,0.3,153538.0,163068.0,153538.0,153538.0,153538.0,153538.0,153538.0,66683,85450,46115,35186,33268,37006,31214,0.28559094064520224,3.5015116296785074,156714.66666666666,153538.0,0.029544444917403972,1.0206897749525632,153538.0,155126.3333333333,1.0,1,-0.2862783269314392,0.4231604797984983
1,L-Alanine,C3H7NO2,+,ESI,10.6,11.2,10.0,0.2,90.055,90.0556,7.4,S01829,10.76,10.72,10.8,0.08,11380853.0,14259663.0,6092078.0,8198464.0,3904808.0,4252504.0,8287900.0,4384846,1734167,141819,267403,88236,310191,50233,0.13213027657949414,7.568288100860558,10577531.333333334,6160919.0,0.7797854861128888,1.7168755721887163,3000097.8571428573,8369225.166666667,109.0,7,-0.6383359475432765,0.03301395519095385
2,Sarcosine,C3H7NO2,+,ESI,11.2,12.0,10.0,0.2,90.055,90.0556,7.1,S01829,11.29,11.26,11.36,0.1,4690592.0,5472800.0,2454159.0,3209797.0,1463774.0,1736468.0,3455282.0,253553,154420,37773,97230,34751,103097,33094,0.1312240412775325,7.620554818038626,4205850.333333333,2466330.25,0.7700315177281639,1.7053070379902826,315964.85714285716,3336090.2916666665,43.0,7,-0.7137792356309033,0.12881639016933188
3,Betaine,C5H11NO2,+,ESI,7.0,8.2,10.0,0.2,118.0863,118.0866,2.9,SQ147_B_1,7.48,7.46,7.55,0.09,44411193.57142857,44411193.57142857,44411193.57142857,44411193.57142857,44411193.57142857,44411193.57142857,44411193.57142857,27764226,58951336,3503176,3719389,6175706,2730229,758723,NA,NA,44411193.57142857,44411193.57142857,0.0,1.0,44411193.57142857,44411193.57142857,NA,0,-0.7331263400207058,0.2345758684238292
4,L-Valine,C5H11NO2,+,ESI,8.3,9.2,10.0,0.2,118.0863,118.0866,3.0,S01829,8.62,8.48,8.65,0.17,9549667.0,10455290.0,6332439.0,5301269.0,3541244.0,4039847.0,9253654.0,2289155,2268273,411153,364812,371730,330584,238907,0.14057058387190424,7.113863885713499,8779132.0,5534003.5,0.6657547499809091,1.5863979847501,2699120.2857142854,7156567.75,81.0,7,-0.7424116282409937,0.6163479555562918
5,N-Acetyl-L-alanine,C5H9NO3,+,ESI,6.0,7.0,10.0,0.2,132.0655,132.0656,0.9,S01821,6.62,6.37,6.81,0.45,185777.7142857143,226060.0,283548.0,185777.7142857143,185777.7142857143,185777.7142857143,251355.0,162629,122729,34264,24776,24147,22355,19248,0.3782368015326931,2.6438463839261406,231795.2380952381,202172.0357142857,0.19726746998832642,1.146524727202216,185777.7142857143,216983.6369047619,1.0,3,0.9985107221774981,0.7373393436476472
6,4-Hydroxyproline,C5H9NO3,+,ESI,10.2,11.2,10.0,0.2,132.0655,132.0666,8.2,S01829,10.64,10.45,10.66,0.21,2644500.0,3435986.0,1366015.0,1691739.0,660519.0,931776.0,1883223.0,212271,166517,35385,34228,30988,42500,17646,0.1097642383852253,9.110435372315251,2482167.0,1291814.25,0.9422015433498578,1.921458135331763,241229.28571428568,1886990.625,33.0,7,-0.6120141018082236,0.18562456469394517
7,L-Isoleucine,C6H13NO2,+,ESI,6.0,7.5,10.0,0.2,132.1019,132.1021,1.3,S01829,7.1,7.04,7.15,0.1,9296117.0,9983098.0,5670106.0,4364252.285714285,4364252.285714285,4364252.285714285,7694833.0,5616961,3469154,456899,174377,152826,176439,113266,0.09067350255753986,11.02858025546567,8316440.333333333,5196897.464285715,0.6783155524168986,1.6002702363257773,4364252.285714285,6756668.898809524,119.0,4,-0.782347784405895,0.6994717391758289
8,L-Leucine,C6H13NO2,+,ESI,7.5,9.0,10.0,0.2,132.1019,132.102,0.6,S01829,7.52,7.47,7.64,0.17,9847190.0,10301719.0,6472852.0,5560937.0,3492390.0,4382959.0,8216306.0,1976541,1697945,191454,135732,143177,143588,86767,0.0799744619517584,12.503991594256833,8873920.333333334,5413148.0,0.7131037681688408,1.6393271222832506,1885087.4285714286,7143534.166666667,146.0,7,-0.8065753422031392,0.5572521185895157
9,Dihydroxyacetone phosphate,C3H7O6P,-,ESI,12.0,13.0,10.0,0.2,168.9907,168.99,-4.5,S01826,12.32,12.29,12.5,0.21,63371.0,125930.0,17173.0,26091.0,14755.0,12063.142857142857,17905.0,2957,0,0,0,1857,0,0,0.11277035339127935,8.867578844328877,68824.66666666667,17703.535714285714,1.9588881963259666,3.8876226634846285,12063.142857142857,43264.10119047619,1.0,6,-0.423188649546526,-0.5110783850364476
10,D-Glyceraldehyde 3-phosphate,C3H7O6P,-,ESI,13.0,14.0,10.0,0.2,168.9907,168.9904,-2.3,S01827,13.25,13.01,13.33,0.32,23235.0,18729.571428571428,18729.571428571428,18729.571428571428,18729.571428571428,18729.571428571428,18729.571428571428,5763,10044,2907,1655,0,0,0,0.28559094064520146,3.501511629678517,20231.38095238095,18729.571428571428,0.11127691054351582,1.0801838701722002,18729.571428571428,19480.47619047619,0.0,1,-0.5063723173294918,-0.228568512553579
11,Ribose 1-phosphate,C5H11O8P,-,ESI,11.0,12.4,10.0,0.2,229.0119,229.0109,-4.4,S01826,11.97,11.85,12.12,0.27,14131.0,14131.0,14131.0,14131.0,14131.0,14131.0,14131.0,5587,0,0,0,0,2031,2021,NA,NA,14131.0,14131.0,0.0,1.0,14131.0,14131.0,NA,0,-0.9958383875990717,-0.2608159511287539
12,D-Ribose 5-phosphate,C5H11O8P,-,ESI,12.4,13.8,10.0,0.2,229.0119,229.0113,-2.4,S01826,12.56,12.56,12.77,0.21,15161.0,17107.0,13996.857142857143,13996.857142857143,13996.857142857143,13996.857142857143,13996.857142857143,0,2390,1838,2248,0,2850,0,0.11932734163136173,8.380309041739173,15421.619047619048,13996.857142857143,0.13985131488298586,1.1017915586492206,13996.857142857143,14709.238095238095,0.0,2,-0.7469307147126385,0.13561758105592153
13,Fructose 6-phosphate,C6H13O9P,-,ESI,12.6,13.5,10.0,0.2,259.0224,259.0225,0.2,S01826,12.83,12.76,12.9,0.14,171026.0,102233.0,99917.71428571429,177941.0,99917.71428571429,99917.71428571429,148548.0,72006,47690,24806,22365,15108,19437,8396,0.8200483292490395,1.2194403236157454,124392.2380952381,131581.10714285716,-0.08105589085687724,0.9453654920245189,99917.71428571429,127986.67261904763,0.0,4,-0.9910933707382711,-0.27829671579847454
14,Glucose 6-phosphate,C6H13O9P,-,ESI,13.6,14.4,10.0,0.2,259.0224,259.0225,0.1,S01822,13.72,13.72,13.83,0.11,90992.0,89228.0,75330.14285714286,1063398.0,226154.0,325660.0,1035317.0,37591,41707,18524,11054,6970,29862,6729,0.08154178711629755,12.26365076563465,85183.38095238095,662632.25,-2.959564523307096,0.1285530261353578,75330.14285714286,373907.8154761905,36.0,6,-0.877493106073274,0.0043929963551756915
15,N-Acetylserine,C5H9NO4,-,ESI,7.5,8.5,10.0,0.2,146.0459,146.0449,-6.7,S01820,8.01,7.81,8.04,0.23,1401014.0,1732609.0,784144.0,377416.0,345217.85714285716,345217.85714285716,345217.85714285716,46425,668947,11079,15601,25318,10879,3926,0.009410533960891582,106.2638957742263,1305922.3333333333,353267.39285714284,1.8862366010961358,3.6966964960206017,345217.85714285716,829594.8630952381,326.0,4,-0.640797769523253,-0.10038680845110581
16,L-Glutamic acid,C5H9NO4,+,ESI,10.0,13.0,10.0,0.2,148.0604,148.0605,0.3,S01829,11.55,11.46,11.55,0.09,156021840.0,183256096.0,67113024.0,123904664.0,55776340.0,63634652.0,120623280.0,4131323,5043642,317972,1981644,357240,3437880,105990,0.2756572476308364,3.6276934801990492,135463653.33333334,90984734.0,0.5742094034496986,1.4888613438528417,6599581.857142858,113224193.66666667,612.0,7,-0.7318867266251566,-0.007065459781143618
17,Creatine,C4H9N3O2,+,ESI,10.0,11.5,10.0,0.2,132.0768,132.0769,1.1,S01826,10.59,10.56,10.63,0.07,41478120.0,42399164.0,20213320.0,20660710.0,13064385.0,12535251.0,26112516.0,4617565,10486582,679286,1222356,823544,2603280,87339,0.06875837313817608,14.543683254262152,34696868.0,18093215.5,0.9393566157731345,1.9176728426188259,8804265.142857142,26395041.75,736.0,7,-0.8470970999908596,0.3139229800495478
18,L-Lysine,C6H14N2O2,+,ESI,17.0,18.5,10.0,0.2,147.1128,147.1129,0.4,S01829,18.01,17.96,18.15,0.19,10786767.57142857,10786767.57142857,10786767.57142857,10786767.57142857,10786767.57142857,10786767.57142857,10786767.57142857,6191884,6972712,4785742,2618394,2213340,1264432,1099287,NA,NA,10786767.57142857,10786767.57142857,0.0,1.0,10786767.57142857,10786767.57142857,NA,0,-0.6783466279933156,0.5035097389118036
19,L-Arginine,C6H14N4O2,+,ESI,18.0,20.0,10.0,0.2,175.119,175.119,0.5,SQ147_B_1,18.97,18.86,19.06,0.19,31191482.285714287,31191482.285714287,31191482.285714287,31191482.285714287,31191482.285714287,31191482.285714287,31191482.285714287,16146493,24190688,13801111,7384028,4983330,3905424,2345718,NA,NA,31191482.285714287,31191482.285714287,0.0,1.0,31191482.285714287,31191482.285714287,NA,0,-0.5322052095633324,0.47337214968803015
20,L-Kynurenine,C10H12N2O3,+,ESI,6.0,8.0,10.0,0.2,209.0921,209.0925,2.2,S01827,7.18,7.02,7.41,0.38,27659.714285714286,27659.714285714286,27659.714285714286,27659.714285714286,27659.714285714286,27659.714285714286,27659.714285714286,8249,7671,5502,5375,4812,5092,4505,NA,NA,27659.714285714286,27659.714285714286,0.0,1.0,27659.714285714286,27659.714285714286,NA,0,0.9806935777399195,0.49107698941044775
21,Inosine,C10H12N4O5,+,ESI,6.4,8.4,10.0,0.2,269.088,269.0878,-1.0,S01827,7.43,7.33,7.46,0.13,726655.0,2817933.0,224534.0,1470837.0,360393.0,102123.0,2063835.0,36647,37683,0,24351,0,17519,0,0.7772426378963038,1.286599513771677,1256374.0,999297.0,0.3302805638727107,1.2572578522701459,59800.0,1127835.5,2.0,7,-0.18252882244560523,0.2121669877419771
22,Xanthosine,C10H12N4O6,-,ESI,6.7,8.7,10.0,0.2,283.0684,283.0703,6.8,S01823,7.07,7.07,7.07,0.0,10000.0,10000.0,10000.0,10000.0,10000.0,10000.0,10000.0,0,0,0,0,0,0,0,NA,NA,10000.0,10000.0,0.0,1.0,10000.0,10000.0,NA,0,,-0.2581988897471611
23,Cyclic AMP,C10H12N5O6P,-,ESI,5.8,7.8,10.0,0.2,328.0452,328.0441,-3.4,S01829,6.7,6.59,6.78,0.2,11905.0,10000.0,10000.0,21914.0,10919.0,10000.0,11160.0,0,0,0,0,0,0,0,0.43488403729654335,2.299463567843281,10635.0,13498.25,-0.3439523458312455,0.7878799103587502,10000.0,12066.625,0.0,4,-0.9758576686785769,-0.7485374301728713
24,Orotidylic acid,C10H13N2O11P,+,ESI,0.0,30.0,10.0,0.2,369.033,369.0318,-3.1,S01824,18.96,18.84,19.2,0.36,14565.142857142857,14565.142857142857,14565.142857142857,14565.142857142857,14565.142857142857,14565.142857142857,14565.142857142857,0,0,3495,0,3266,0,3891,NA,NA,14565.142857142857,14565.142857142857,0.0,1.0,14565.142857142857,14565.142857142857,NA,0,-0.40479938260185,0.5036933136298183
25,Inosinic acid,C10H13N4O8P,+,ESI,11.4,13.4,10.0,0.2,349.0544,349.0538,-1.6,S01820,12.39,12.38,12.48,0.1,131780.0,209990.0,62277.0,11903.0,10932.142857142857,10932.142857142857,12872.0,0,0,0,2175,0,0,0,0.018318103287537354,54.59080475216808,134682.33333333334,11659.821428571428,3.529943021988895,11.550977359164818,10932.142857142857,73171.07738095238,46.0,5,-0.4702550636650871,-0.017801401912022834
26,Xanthylic acid,C10H13N4O9P,-,ESI,11.0,13.0,10.0,0.2,363.0347,363.0382,9.6,S01819,11.75,11.75,11.75,0.0,10000.0,10000.0,10000.0,10000.0,10000.0,10000.0,10000.0,0,0,0,0,0,0,0,NA,NA,10000.0,10000.0,0.0,1.0,10000.0,10000.0,NA,0,-0.8660254037844387,
27,Adenosine,C10H13N5O4,+,ESI,4.5,7.0,10.0,0.2,268.104,268.1039,-0.6,SQ147_B_0,5.62,5.58,5.64,0.06,60778255.857142866,60778255.857142866,60778255.857142866,60778255.857142866,60778255.857142866,60778255.857142866,60778255.857142866,129815456,8392468,1749364,661408,421792,456165,295944,NA,NA,60778255.857142866,60778255.857142866,0.0,1.0,60778255.857142866,60778255.857142866,NA,0,0.024769955336356383,0.009067332343314543
28,Guanosine,C10H13N5O5,+,ESI,7.7,9.7,10.0,0.2,284.0989,284.0989,-0.1,SQ147_B_0,8.83,8.73,8.84,0.1,636434.2857142857,636434.2857142857,636434.2857142857,636434.2857142857,636434.2857142857,636434.2857142857,636434.2857142857,1292603,82141,24941,20884,15471,14460,11180,NA,NA,636434.2857142857,636434.2857142857,0.0,1.0,636434.2857142857,636434.2857142857,NA,0,-0.15963588792427866,0.4976382012317383
29,Thymidine,C10H14N2O5,+,ESI,8.2,10.2,10.0,0.2,243.0975,243.0981,2.1,SQ147_B_0,9.78,9.78,9.78,0.0,12430.428571428572,12430.428571428572,12430.428571428572,12430.428571428572,12430.428571428572,12430.428571428572,12430.428571428572,5671,0,0,0,0,0,0,NA,NA,12430.428571428572,12430.428571428572,0.0,1.0,12430.428571428572,12430.428571428572,NA,0,,
30,Adenosine monophosphate,C10H14N5O7P,+,ESI,9.8,11.8,10.0,0.2,348.0704,348.0703,-0.3,SQ147_B_0,10.68,10.56,10.69,0.13,3103138.0,3103138.0,3103138.0,3103138.0,3103138.0,3103138.0,3103138.0,4276817,2232614,398481,102654,78893,73915,53948,NA,NA,3103138.0,3103138.0,0.0,1.0,3103138.0,3103138.0,NA,0,-0.9825491546304896,0.24652718592580664
31,Guanosine monophosphate,C10H14N5O8P,+,ESI,12.6,14.6,10.0,0.2,364.0653,364.065,-0.7,SQ147_B_0,13.63,13.52,13.69,0.17,72089.71428571429,72089.71428571429,72089.71428571429,72089.71428571429,72089.71428571429,72089.71428571429,72089.71428571429,42823,34650,15246,17411,13668,11335,9743,NA,NA,72089.71428571429,72089.71428571429,0.0,1.0,72089.71428571429,72089.71428571429,NA,0,-0.9493338763813817,0.17055723883342486
32,ADP,C10H15N5O10P2,-,ESI,11.1,13.1,10.0,0.2,426.0221,426.0219,-0.7,S01819,12.23,12.18,12.46,0.28,119183.0,74521.0,46318.42857142857,46318.42857142857,46318.42857142857,46318.42857142857,46318.42857142857,4013,26040,10928,9874,8403,18024,7461,0.11612501226488627,8.611409208887366,80007.4761904762,46318.42857142857,0.7885485086225471,1.7273357205349718,46318.42857142857,63162.95238095238,1.0,2,-0.9999125657253456,-0.27349635668198474
33,Guanosine diphosphate,C10H15N5O11P2,-,ESI,13.8,15.8,10.0,0.2,442.0171,442.0162,-2.0,S01819,15.33,15.29,15.57,0.28,11622.0,10816.857142857143,10816.857142857143,10816.857142857143,10816.857142857143,10816.857142857143,10816.857142857143,0,0,0,1906,0,0,0,0.28559094064519813,3.501511629678558,11085.238095238097,10816.857142857143,0.035358375156219396,1.0248113614552243,10816.857142857143,10951.04761904762,0.0,1,-0.9990547453193036,-0.007909117873831986
34,dTDP,C10H16N2O11P2,-,ESI,11.0,13.0,10.0,0.2,401.0157,401.0152,-1.1,S01826,11.66,11.66,11.8,0.14,12226.857142857143,12226.857142857143,12226.857142857143,12226.857142857143,12226.857142857143,12226.857142857143,12226.857142857143,0,2716,2480,0,0,0,0,NA,NA,12226.857142857143,12226.857142857143,0.0,1.0,12226.857142857143,12226.857142857143,NA,0,-0.5557195899902924,0.806403069705353
35,Adenosine triphosphate,C10H16N5O13P3,-,ESI,12.5,14.5,10.0,0.2,505.9885,505.9886,0.4,S01819,14.46,14.24,14.46,0.22,50389.0,14796.142857142857,14796.142857142857,14796.142857142857,14796.142857142857,14796.142857142857,14796.142857142857,0,2758,3040,0,2529,0,2864,0.285590940645201,3.5015116296785225,26660.42857142857,14796.142857142857,0.8494788373089596,1.8018499029669892,14796.142857142857,20728.285714285714,0.0,1,-0.9570742014739579,0.08918267744050547
36,Guanosine triphosphate,C10H16N5O14P3,-,ESI,15.0,17.0,10.0,0.2,521.9834,0.0,0.0,NA,0.0,0.0,0.0,0.0,10000.0,10000.0,10000.0,10000.0,10000.0,10000.0,10000.0,0,0,0,0,0,0,0,NA,NA,10000.0,10000.0,0.0,1.0,10000.0,10000.0,NA,0,,
37,Glutathione,C10H17N3O6S,+,ESI,10.0,13.0,10.0,0.2,308.0911,308.0904,-2.3,S01829,11.29,11.26,11.32,0.06,213886.0,48658.0,10000.0,52725.0,10000.0,10000.0,27482.0,0,0,0,0,0,0,0,0.2747195959346202,3.6400752432599943,90848.0,25051.75,1.8585433671960965,3.6264133244184538,10000.0,57949.875,1.0,4,-0.9493434597249975,-0.38576087009335985
38,Argininosuccinic acid,C10H18N4O6,-,ESI,12.5,14.5,10.0,0.2,289.1154,289.1147,-2.2,S01820,13.48,13.38,13.54,0.16,18845.0,21663.0,10849.0,10849.0,10849.0,10849.0,10849.0,0,0,0,0,0,1981,0,0.06857911900744135,14.58169796394574,17119.0,10849.0,0.6580363604506958,1.5779334500875657,10849.0,13984.0,0.0,2,-0.7504454045068514,-0.18063013104681064
39,Propionylcarnitine,C10H19NO4,+,ESI,5.2,7.2,10.0,0.2,218.1387,218.1389,0.8,S01829,6.02,5.83,6.16,0.34,201638.2857142857,207329.0,201638.2857142857,251323.0,201638.2857142857,201638.2857142857,267855.0,101434,178935,40429,37662,35988,29339,23369,0.23885936426060794,4.18656393520728,203535.19047619044,230613.64285714284,-0.1801996111588651,0.8825808740303949,201638.2857142857,217074.41666666663,1.0,3,-0.7415307206417527,0.10256676077873093
40,L-Tryptophan,C11H12N2O2,+,ESI,6.8,8.8,10.0,0.2,205.0972,205.0973,0.5,S01829,7.91,7.85,8.15,0.31,274053.0,317435.0,219389.0,123799.0,123799.0,158627.0,253275.0,143854,82614,15911,10682,6585,5885,0,0.058965553875778766,16.959053791077324,270292.3333333333,164875.0,0.7131479318673268,1.639377306039929,123799.0,217583.66666666666,6.0,5,-0.5563079150092356,0.7900870653361538
41,N-Acetyl-L-phenylalanine,C11H13NO3,+,ESI,2.8,4.0,10.0,0.2,208.0968,208.0975,3.2,SQ147_B_1,3.33,3.22,3.56,0.34,82636.0,82636.0,82636.0,82636.0,82636.0,82636.0,82636.0,37653,74446,16035,11409,10079,11439,8423,NA,NA,82636.0,82636.0,0.0,1.0,82636.0,82636.0,NA,0,0.8991186864084282,0.10374920538542876
42,5'-Methylthioadenosine,C11H15N5O3S,+,ESI,3.0,5.0,10.0,0.2,298.0968,298.0966,-0.6,SQ147_B_0,4.11,3.99,4.23,0.24,3789928.428571429,3789928.428571429,3789928.428571429,3789928.428571429,3789928.428571429,3789928.428571429,3789928.428571429,8480826,238679,26289,20111,13981,24269,15678,NA,NA,3789928.428571429,3789928.428571429,0.0,1.0,3789928.428571429,3789928.428571429,NA,0,0.8216237279925943,0.33934602222215443
43,Saccharopine,C11H20N2O6,-,ESI,11.0,14.0,10.0,0.2,275.1249,275.1252,1.1,SQ147_B_1,11.5,11.5,11.6,0.1,11956.42857142857,11956.42857142857,11956.42857142857,11956.42857142857,11956.42857142857,11956.42857142857,11956.42857142857,0,4565,0,0,0,0,0,NA,NA,11956.42857142857,11956.42857142857,0.0,1.0,11956.42857142857,11956.42857142857,NA,0,0.8660254037844386,
44,Butyrylcarnitine,C11H21NO4,+,ESI,4.2,6.2,10.0,0.2,232.1543,232.1544,0.4,S01820,5.22,5.02,5.43,0.41,493478.0,640981.0,210408.0,231898.0,134625.57142857142,134625.57142857142,270106.0,73040,114449,24449,23839,22319,17920,14777,0.07382846829976875,13.544910561325194,448289.0,192813.7857142857,1.217220894919835,2.32498417236764,134625.57142857142,320551.39285714284,10.0,5,-0.6468262460962724,0.22675147677786725
45,Valerylcarnitine,C12H23NO4,+,ESI,3.6,5.7,10.0,0.2,246.17,246.1697,-1.3,S01829,4.58,4.35,4.78,0.43,64050.57142857142,64050.57142857142,64050.57142857142,64050.57142857142,64050.57142857142,64050.57142857142,64050.57142857142,26563,26566,19083,13059,12774,16001,12072,NA,NA,64050.57142857142,64050.57142857142,0.0,1.0,64050.57142857142,64050.57142857142,NA,0,-0.2503906154169877,0.41168072500392117
46,Adenylsuccinic acid,C14H18N5O11P,-,ESI,14.5,16.5,10.0,0.2,462.0668,462.0656,-2.5,S01826,15.63,15.63,15.63,0.0,10000.0,10000.0,10000.0,10000.0,10000.0,10000.0,10000.0,0,0,0,0,0,0,0,NA,NA,10000.0,10000.0,0.0,1.0,10000.0,10000.0,NA,0,,
47,S-Adenosylhomocysteine,C14H20N6O5S,-,ESI,8.6,10.6,10.0,0.2,383.1143,383.1134,-2.3,S01829,9.54,9.43,9.6,0.17,15195.0,13652.0,11542.42857142857,11542.42857142857,11542.42857142857,11542.42857142857,11542.42857142857,3599,0,0,0,0,0,0,0.08229272693020884,12.15174216851611,13463.142857142857,11542.42857142857,0.22206842973769783,1.166404693243561,11542.42857142857,12502.785714285714,0.0,2,-0.923945634148547,0.168022178838901
48,S-Adenosylmethionine,C15H22N6O5S,+,ESI,10.7,12.7,10.0,0.2,399.1445,399.1444,-0.2,S01829,11.69,11.64,11.75,0.11,3386838.0,3024366.0,1082408.0,1920760.0,665366.0,481437.0,1621676.0,127033,174056,92918,163864,81179,173232,66262,0.1290885572763776,7.746620003343965,2497870.6666666665,1172309.75,1.0913449679677423,2.1307258313484696,386518.85714285716,1835090.2083333333,30.0,7,-0.9298416188052032,-0.197632717658735
49,Adenosine diphosphate ribose,C15H23N5O14P2,-,ESI,10.9,12.9,10.0,0.2,558.0644,558.0624,-3.5,S01827,11.82,11.78,11.96,0.19,12929.285714285714,12929.285714285714,12929.285714285714,12929.285714285714,12929.285714285714,12929.285714285714,12929.285714285714,4769,0,0,0,0,2066,0,0.15176111049909793,6.58930339077839,12929.285714285716,12929.285714285714,3.203426503814917e-16,1.0000000000000002,12929.285714285714,12929.285714285714,0.0,0,-0.9726708483222992,0.5918372974260577
50,Uridine diphosphate glucose,C15H24N2O17P2,-,ESI,12.4,14.4,10.0,0.2,565.0477,565.0481,0.6,S01829,13.45,13.42,13.51,0.09,372187.0,379315.0,108628.0,398432.0,52299.0,62794.0,292785.0,0,0,0,2944,0,7928,0,0.5294306046716135,1.888821672143913,286710.0,201577.5,0.5082576096404025,1.4223313613870596,14659.428571428572,244143.75,1.0,7,-0.8542426775818408,-0.2301888472147912
51,Palmitic acid,C16H32O2,-,ESI,1.6,3.6,10.0,0.2,255.233,255.2328,-0.7,S01829,2.72,2.62,2.93,0.3,24270914.0,26296818.0,7558688.285714285,7558688.285714285,8188864.0,11625362.0,7558688.285714285,9395404,3543616,1661154,765656,709724,808137,729915,0.09126365458030586,10.957264472902162,19375473.42857143,8732900.642857142,1.1496987308808009,2.2186755834007013,7558688.285714285,14054187.035714285,342.0,4,-0.8212290715298292,-0.2663515731204732
52,Uridine diphosphate-N-acetylglucosamine,C17H27N3O17P2,+,ESI,11.2,13.2,10.0,0.2,608.0888,608.0872,-2.7,S01820,12.19,12.14,12.26,0.12,86177.0,102001.0,31772.0,38155.0,19176.0,17981.0,29856.0,3937,11437,0,0,0,2108,0,0.05324484859987706,18.781159610665302,73316.66666666667,26292.0,1.4795173052523138,2.7885541863177647,17492.285714285714,49804.333333333336,3.0,7,-0.7384274210580809,-0.35301836655193913
53,Folic acid,C19H19N7O6,+,ESI,2.0,4.0,10.0,0.2,442.147,442.1509,9.0,S01823,4.0,4.0,4.0,0.0,10000.0,10000.0,10000.0,10000.0,10000.0,10000.0,10000.0,0,0,0,0,0,0,0,NA,NA,10000.0,10000.0,0.0,1.0,10000.0,10000.0,NA,0,,-0.2581988897471611
54,Dihydrofolic acid,C19H21N7O6,+,ESI,0.0,30.0,10.0,0.2,444.1626,444.1638,2.7,S01822,7.36,7.18,7.58,0.4,14864.285714285714,14864.285714285714,14864.285714285714,14864.285714285714,14864.285714285714,14864.285714285714,14864.285714285714,0,5003,0,3024,0,0,3323,0.15176111049909793,6.58930339077839,14864.285714285716,14864.285714285714,3.203426503814917e-16,1.0000000000000002,14864.285714285714,14864.285714285714,0.0,0,-0.8660254037844386,-0.8246296790463132
55,Oxidized glutathione,C20H32N6O12S2,+,ESI,13.5,15.5,10.0,0.2,613.1592,613.1592,-0.1,S01829,14.42,14.38,14.48,0.1,112227.0,150845.0,46121.0,78449.0,27547.428571428572,30526.0,91346.0,7022,2233,2654,11273,3246,11228,3288,0.2101555262713038,4.758380699011613,103064.33333333333,56967.107142857145,0.8553441054807919,1.8091902240160727,27547.428571428572,80015.72023809524,1.0,6,-0.6241143969924546,0.1682602950111608
56,NAD,C21H27N7O14P2,+,ESI,9.9,11.9,10.0,0.2,664.1164,664.1158,-0.9,S01829,10.74,10.57,10.74,0.17,495568.0,636383.0,172642.0,371880.0,113179.0,145987.0,344572.0,33177,24866,0,11679,2583,20837,0,0.22865723548640984,4.373358218351392,434864.3333333333,243904.5,0.8342490109342601,1.782928700919144,49918.0,339384.4166666666,3.0,7,-0.6791139134637617,-0.04762099204646057
57,NADP,C21H28N7O17P3,+,ESI,12.7,14.7,10.0,0.2,744.0827,744.0817,-1.4,S01819,13.77,13.65,13.81,0.16,10050.0,10000.0,10000.0,10000.0,10000.0,10000.0,10000.0,0,0,0,0,0,0,0,0.2855909406452165,3.5015116296783324,10016.666666666666,10000.0,0.0024024902153046137,1.0016666666666667,10000.0,10008.333333333332,0.0,1,-0.9575068046753907,0.26519630251492443
58,NADH,C21H29N7O14P2,-,ESI,9.5,11.5,10.0,0.2,664.1175,664.1145,-4.5,S01828,10.5,10.37,10.73,0.35,10000.0,10000.0,10000.0,10000.0,10000.0,10000.0,10000.0,0,0,0,0,0,0,0,NA,NA,10000.0,10000.0,0.0,1.0,10000.0,10000.0,NA,0,6.9067477757164824e-18,-0.7745966692414834
59,NADPH,C21H30N7O17P3,-,ESI,13.0,15.0,10.0,0.2,744.0838,744.0784,-7.3,SQ147_B_1,13.88,13.88,13.88,0.0,10959.142857142857,10959.142857142857,10959.142857142857,10959.142857142857,10959.142857142857,10959.142857142857,10959.142857142857,0,2238,0,0,0,0,0,NA,NA,10959.142857142857,10959.142857142857,0.0,1.0,10959.142857142857,10959.142857142857,NA,0,,
60,Acetyl-CoA,C23H38N7O17P3S,+,ESI,8.0,11.0,10.0,0.2,810.1331,810.1411,9.9,SQ147_B_0,10.09,10.09,10.26,0.17,17359.0,17359.0,17359.0,17359.0,17359.0,17359.0,17359.0,13896,0,0,3275,0,0,0,NA,NA,17359.0,17359.0,0.0,1.0,17359.0,17359.0,NA,0,,
61,FAD,C27H33N9O15P2,+,ESI,7.6,9.6,10.0,0.2,786.1644,786.1578,-8.4,S01819,7.69,7.69,7.69,0.0,10000.0,10000.0,10000.0,10000.0,10000.0,10000.0,10000.0,0,0,0,0,0,0,0,NA,NA,10000.0,10000.0,0.0,1.0,10000.0,10000.0,NA,0,-0.8660254037844387,
62,Glycine,C2H5NO2,+,ESI,10.7,12.7,20.0,0.2,76.0393,76.0401,10.5,S01829,11.69,11.64,11.73,0.09,3790206.0,5587150.0,2502213.0,3411306.0,2077168.0,2088342.0,3968255.0,566763,269861,52565,228653,47388,257261,34373,0.3041468667432356,3.287885259867602,3959856.3333333335,2886267.75,0.45624294882862554,1.3719643069612422,634370.2857142857,3423062.041666667,15.0,7,-0.4156291203626831,0.2273130253824953
63,Hypotaurine,C2H7NO2S,-,ESI,10.0,12.0,10.0,0.2,108.0125,108.0115,-9.3,S01819,10.96,10.87,11.12,0.25,106987.0,43926.0,47543.0,56212.0,23857.0,45554.0,34326.0,0,0,0,2221,0,0,0,0.2269396195652128,4.4064584311715675,66152.0,39987.25,0.7262447070921517,1.6543273168322403,10951.857142857143,53069.625,0.0,7,-0.8393588783427763,-0.405911326196854
64,Taurine,C2H7NO3S,-,ESI,10.2,12.2,10.0,0.2,124.0074,124.0063,-9.0,S01829,11.25,11.17,11.25,0.08,20427266.0,23447530.0,10738211.0,22719820.0,11111863.0,13292176.0,23181282.0,19865,5784,0,44058,0,240292,0,0.9030985291983512,1.1072988911715589,18204335.666666668,17576285.25,0.05065190434559127,1.0357328302160247,142856.7142857143,17890310.458333336,21.0,7,-0.7296127247696239,0.07337372640617333
65,O-Phosphoethanolamine,C2H8NO4P,+,ESI,11.4,13.4,10.0,0.2,142.0264,142.0266,1.6,S01830,12.48,12.39,12.71,0.32,15844.0,15844.0,15844.0,15844.0,15844.0,15844.0,15844.0,4418,4321,2970,1927,0,0,0,NA,NA,15844.0,15844.0,0.0,1.0,15844.0,15844.0,NA,0,-0.22637345682132487,0.6611746008043939
66,Pyruvic acid,C3H4O3,-,ESI,8.0,12.0,20.0,0.2,87.0088,87.0076,-13.3,S01829,10.93,10.71,11.09,0.38,311356.85714285716,311356.85714285716,311356.85714285716,311356.85714285716,311356.85714285716,311356.85714285716,311356.85714285716,178841,132914,88456,69911,77063,84225,71756,NA,NA,311356.85714285716,311356.85714285716,0.0,1.0,311356.85714285716,311356.85714285716,NA,0,-0.7123843509730257,0.6217131710356737
67,Phosphoenolpyruvic acid,C3H5O6P,-,ESI,13.6,15.6,10.0,0.2,166.9751,166.9744,-4.2,S01826,14.65,14.61,14.75,0.14,25023.0,26055.0,21241.428571428572,21241.428571428572,21241.428571428572,21241.428571428572,21241.428571428572,3263,12280,3095,2133,2152,1615,1692,0.06634852902645173,15.071924195958006,24106.476190476194,21241.428571428572,0.18253998124600257,1.1348801757571683,21241.428571428572,22673.95238095238,0.0,2,-0.8395954925883465,-0.47506562163230076
68,L-Lactic acid,C3H6O3,-,ESI,6.2,8.2,20.0,0.2,89.0244,89.0233,-12.5,S01820,7.04,6.95,7.09,0.14,9072404.0,12239637.0,8193379.0,3912563.0,3839649.571428571,3839649.571428571,4255912.0,1981578,4289580,668361,518171,629316,471880,376963,0.002363389815141177,423.1210584024054,9835140.0,3961943.5357142854,1.311737269372064,2.482402869032018,3839649.571428571,6898541.767857143,7246.0,5,-0.20651521930375522,0.563918878732823
69,Guanidoacetic acid,C3H7N3O2,+,ESI,10.7,12.7,10.0,0.2,118.0611,118.0615,3.1,S01826,11.65,11.64,11.75,0.12,2670116.0,3621787.0,1475542.0,1686470.0,842913.0,767937.0,1972769.0,76071,143378,3024,27213,4713,35565,0,0.099709083806953,10.029176498463295,2589148.3333333335,1317522.25,0.9746502942196099,1.9651647881721417,134270.2857142857,1953335.2916666667,38.0,7,-0.5554034922023213,0.16768460440419963
70,L-Cysteine,C3H7NO2S,+,ESI,13.0,17.0,10.0,0.2,122.027,0.0,0.0,NA,0.0,0.0,0.0,0.0,10000.0,10000.0,10000.0,10000.0,10000.0,10000.0,10000.0,0,0,0,0,0,0,0,NA,NA,10000.0,10000.0,0.0,1.0,10000.0,10000.0,NA,0,,
71,L-Serine,C3H7NO3,+,ESI,10.8,12.8,10.0,0.2,106.0499,106.0504,5.0,S01829,11.83,11.78,11.88,0.1,4546663.0,5366122.0,3072562.0,2705861.0,1330138.0,1318343.0,2838624.0,575588,417706,93623,256162,57330,173169,36887,0.028594721562228573,34.97148932972731,4328449.0,2048241.5,1.079464333217171,2.1132512938537764,700199.2857142857,3188345.25,236.0,7,-0.634160116761346,0.05955806924476
72,3-Phosphoglyceric acid,C3H7O7P,-,ESI,13.0,15.0,10.0,0.2,184.9857,184.9851,-3.2,S01829,14.22,14.12,14.24,0.12,190113.0,145213.0,145213.0,225179.0,145213.0,145213.0,145213.0,42266,67715,42178,50359,28033,59259,25687,0.8584584568932898,1.1648787334671273,160179.66666666666,165204.5,-0.04456196229380985,0.9695841618519269,145213.0,162692.0833333333,0.0,2,-0.5515138449853818,-0.3668516010052033
73,Phosphoserine,C3H8NO6P,+,ESI,11.5,13.5,10.0,0.2,186.0162,186.0165,1.8,S01829,13.39,13.17,13.44,0.28,57344.0,37834.0,31740.571428571428,59076.0,31740.571428571428,31740.571428571428,31740.571428571428,32839,3779,0,3753,2806,7551,0,0.7331617182434009,1.3639555573031323,42306.19047619047,38574.428571428565,0.1332239965666688,1.096741858349289,31740.571428571428,40440.30952380952,0.0,3,-0.9999661666064285,-0.5515973380350949
74,"2,3-Diphosphoglyceric acid",C3H8O10P2,-,ESI,12.0,15.0,10.0,0.2,264.952,264.9497,-8.7,S01829,14.83,14.75,14.99,0.24,10840.428571428572,10840.428571428572,10840.428571428572,10840.428571428572,10840.428571428572,10840.428571428572,13250.0,0,0,0,0,0,1961,0,0.43658806102038156,2.2904886534524733,10840.428571428572,11442.82142857143,-0.07802102366224697,0.9473562651568825,10840.428571428572,11141.625,0.0,1,0.4520061074077558,0.28347230256620676
75,Glycerol 3-phosphate,C3H9O6P,-,ESI,11.5,13.0,10.0,0.2,171.0064,171.0056,-4.4,S01826,11.88,11.83,11.99,0.16,59611.0,69060.0,50437.0,50437.0,50437.0,50437.0,50437.0,17994,40366,10577,7857,7030,7606,2923,0.09444140188536408,10.588576408616118,59702.666666666664,50437.0,0.24331290553047188,1.1837077277924275,50437.0,55069.83333333333,1.0,2,-0.7533905062656545,0.02191202429062619
76,Phosphocreatine,C4H10N3O5P,-,ESI,11.2,13.2,10.0,0.2,210.0285,210.0281,-2.1,S01829,12.16,12.1,12.17,0.07,87661.0,119850.0,24315.0,181517.0,15703.0,37624.0,91293.0,0,0,0,0,0,3457,0,0.9348933185832491,1.0696407602050408,77275.33333333333,81534.25,-0.07739824566030716,0.9477653051733882,11481.571428571428,79404.79166666666,0.0,7,-0.6516153218184026,-0.43495319718338427
77,Uracil,C4H4N2O2,+,ESI,5.4,7.4,10.0,0.2,113.0346,113.035,4.0,SQ147_B_0,6.54,6.48,6.77,0.29,219073.85714285713,219073.85714285713,219073.85714285713,219073.85714285713,219073.85714285713,219073.85714285713,219073.85714285713,436441,27511,5372,5782,4106,4465,4162,NA,NA,219073.85714285713,219073.85714285713,0.0,1.0,219073.85714285713,219073.85714285713,NA,0,-0.30304950007687637,0.22699134226750403
78,Fumaric acid,C4H4O4,-,ESI,12.2,14.2,10.0,0.2,115.0037,115.0026,-9.8,S01819,13.19,13.0,13.27,0.27,2976621.0,2576302.0,1241503.0,107007.57142857142,480082.0,503604.0,929192.0,43639,50621,20172,29697,13607,53377,15238,0.01470948713800803,67.98333555872844,2264808.6666666665,504971.39285714284,2.1651156099281015,4.485023703723717,107007.57142857142,1384890.0297619046,422.0,6,-0.9549023809517063,0.9568660737112702
79,Cytosine,C4H5N3O,+,ESI,9.0,11.0,10.0,0.2,112.0505,112.0509,3.5,SQ147_B_0,9.09,9.05,9.29,0.24,60779.71428571428,60779.71428571428,60779.71428571428,60779.71428571428,60779.71428571428,60779.71428571428,60779.71428571428,24534,14935,14849,17747,16801,15945,13675,NA,NA,60779.71428571428,60779.71428571428,0.0,1.0,60779.71428571428,60779.71428571428,NA,0,-0.23289031127065574,-0.9068248918442564
80,Allantoin,C4H6N4O3,+,ESI,9.3,11.3,10.0,0.2,159.0513,159.0513,0.2,S01829,10.27,10.25,10.36,0.12,10769.0,10000.0,10000.0,10000.0,10000.0,10000.0,10000.0,0,0,0,0,0,0,0,0.28559094064520013,3.501511629678533,10256.333333333334,10000.0,0.036515055771731426,1.0256333333333334,10000.0,10128.166666666668,0.0,1,-0.960226563558743,0.22909974077739514
81,Acetoacetic acid,C4H6O3,-,ESI,8.3,10.3,10.0,0.2,101.0244,101.0235,-9.3,SQ147_B_0,9.42,9.18,9.65,0.47,108667.42857142857,108667.42857142857,108667.42857142857,108667.42857142857,108667.42857142857,108667.42857142857,108667.42857142857,63768,42832,25113,21271,29804,23968,23468,NA,NA,108667.42857142857,108667.42857142857,0.0,1.0,108667.42857142857,108667.42857142857,NA,0,-0.9825677029640651,-0.7765349398199154
82,Succinic acid,C4H6O4,-,ESI,11.3,13.3,10.0,0.2,117.0193,117.0183,-9.1,S01829,12.36,12.12,12.42,0.29,1203138.0,1496470.0,950282.0,995188.0,762412.0,902077.0,1332128.0,339971,443731,99340,77096,50930,53863,63386,0.31296018041817414,3.1952946814633427,1216630.0,997951.25,0.2858492375096332,1.2191276878504838,493564.42857142864,1107290.625,4.0,7,-0.46252367356644786,0.6125976723404101
83,L-Malic acid,C4H6O5,-,ESI,12.2,14.2,10.0,0.2,133.0142,133.0131,-8.5,S01820,13.14,13.12,13.23,0.11,60358164.0,75371456.0,26084212.0,26761856.0,11964135.0,11361945.0,22532616.0,2090792,2176449,752162,1502384,546010,2828893,484582,0.04044304665534834,24.72612927809078,53937944.0,18155138.0,1.5709226338202056,2.970946516627965,4459116.571428571,36046541.0,2648.0,7,-0.6783410900669514,-0.22291862010446759
84,Creatinine,C4H7N3O,+,ESI,5.2,7.2,10.0,0.2,114.0662,114.0666,3.6,S01829,6.27,6.23,6.29,0.07,5213338.0,5634062.0,3226417.0,3692047.0,1855287.0,2277912.0,4814928.0,1486978,1955653,134056,46249,78633,48242,75693,0.19132950945187407,5.226585291860241,4691272.333333333,3160043.5,0.5700348350918077,1.484559416138839,1649501.7142857146,3925657.9166666665,30.0,7,-0.7725649024588627,0.3614104219133801
85,L-Aspartic acid,C4H7NO4,-,ESI,10.8,12.8,10.0,0.2,132.0302,132.0291,-8.2,S01829,11.91,11.85,11.94,0.09,25772724.0,23977616.0,11475692.0,38067624.0,15602144.0,20759584.0,34343120.0,2003996,1912521,397517,1022628,247187,1426953,105098,0.39992313905715554,2.500480473216839,20408677.333333332,27193118.0,-0.4140588965001637,0.7505089093988168,3059671.4285714286,23800897.666666664,79.0,7,-0.9178784873866059,-0.07241256651632962
86,L-Asparagine,C4H8N2O3,+,ESI,10.3,12.3,10.0,0.2,133.0608,133.0609,1.2,S01829,11.43,11.38,11.45,0.07,3015514.0,3244114.0,1587059.0,1970998.0,844628.0,894298.0,1996568.0,124394,111259,24152,63733,17954,56149,16042,0.09447293633226411,10.58504201121653,2615562.3333333335,1426623.0,0.8745170143464047,1.83339419968228,187292.7142857143,2021092.6666666667,39.0,7,-0.7953413238113949,0.025344323785843552
87,Ureidopropionic acid,C4H8N2O3,-,ESI,10.4,12.4,10.0,0.2,131.0462,131.0451,-8.4,S01829,11.4,11.34,11.54,0.2,1819584.0,1531983.0,964153.0,1096377.0,453034.0,598746.0,1075856.0,49644,34390,13973,48284,10547,28050,10403,0.07832234133678607,12.767749060258552,1438573.3333333333,806003.25,0.8357812052221609,1.784823241510916,93696.14285714286,1122288.2916666665,26.0,7,-0.9825803165087074,0.03302220014124714
88,3-Hydroxybutyric acid,C4H8O3,-,ESI,5.7,7.7,10.0,0.2,103.0401,103.0391,-9.8,S01830,5.71,5.71,5.96,0.25,52858.42857142857,52858.42857142857,52858.42857142857,52858.42857142857,52858.42857142857,52858.42857142857,52858.42857142857,29654,23413,10702,5703,8601,11414,10516,NA,NA,52858.42857142857,52858.42857142857,0.0,1.0,52858.42857142857,52858.42857142857,NA,0,0.9841189096785966,0.6240177925621896
89,Homocysteine,C4H9NO2S,-,ESI,7.3,9.3,10.0,0.2,134.0281,134.0268,-9.8,S01823,7.34,7.34,7.34,0.0,10000.0,10000.0,10000.0,10000.0,10000.0,10000.0,10000.0,0,0,0,0,0,0,0,NA,NA,10000.0,10000.0,0.0,1.0,10000.0,10000.0,NA,0,,-0.2581988897471611
90,L-Threonine,C4H9NO3,-,ESI,9.5,11.5,10.0,0.2,118.051,118.0498,-9.8,S01830,10.62,10.51,10.68,0.17,3259767.0,3154883.0,1596365.0,5790509.0,1160631.0,1263540.0,2742807.0,407349,115616,16138,213364,22593,215925,14845,0.9613135453596692,1.040243326256114,2670338.3333333335,2739371.75,-0.03682251838501919,0.9747995442142285,441070.0,2704855.041666667,3.0,7,-0.8927993113168611,-0.5406423424531033
91,L-Glutamine,C5H10N2O3,+,ESI,10.1,12.1,10.0,0.2,147.0764,147.0764,-0.2,S01829,11.11,11.03,11.14,0.11,256149536.0,270277344.0,156882384.0,202768064.0,93567056.0,111536424.0,230400656.0,5543800,3132032,244711,8683651,682643,8058738,439140,0.22845286551434674,4.377270548778476,227769754.66666666,159568050.0,0.5134043731783856,1.4274145398572375,11489163.57142857,193668902.3333333,1210.0,7,-0.8031929479283381,0.1937842557388276
92,L-Methionine,C5H11NO2S,+,ESI,6.8,8.8,10.0,0.2,150.0583,150.0584,0.5,S01829,7.82,7.76,7.84,0.08,5677805.0,5739692.0,2920530.0,2514059.0,1480946.0,1826354.0,4152830.0,2305368,405597,27690,27209,15281,27072,10737,0.08093881054803169,12.35501230162714,4779342.333333333,2493547.25,0.9386125674643143,1.9166840866293322,1218123.1428571427,3636444.7916666665,86.0,7,-0.8562561242842159,0.5724575006502363
93,Ornithine,C5H12N2O2,+,ESI,15.3,17.3,10.0,0.2,133.0972,133.0973,1.3,S01829,16.53,16.51,16.76,0.25,927533.7142857143,927533.7142857143,927533.7142857143,927533.7142857143,927533.7142857143,927533.7142857143,927533.7142857143,267589,559604,244900,366225,257766,260493,184335,0.15176111049909793,6.58930339077839,927533.7142857142,927533.7142857143,-1.6017132519074588e-16,0.9999999999999999,927533.7142857143,927533.7142857143,6.0,0,0.8827885296443174,-0.14287801618730667
94,5-Phosphoribosylamine,C5H12NO7P,-,ESI,11.5,13.5,10.0,0.2,228.0279,228.0301,9.9,S01826,11.59,11.59,11.59,0.0,10000.0,10000.0,10000.0,10000.0,10000.0,10000.0,10000.0,0,0,0,0,0,0,0,NA,NA,10000.0,10000.0,0.0,1.0,10000.0,10000.0,NA,0,,
95,Phosphoribosyl pyrophosphate,C5H13O14P3,-,ESI,15.0,18.0,10.0,0.2,388.9445,0.0,0.0,NA,0.0,0.0,0.0,0.0,10000.0,10000.0,10000.0,10000.0,10000.0,10000.0,10000.0,0,0,0,0,0,0,0,NA,NA,10000.0,10000.0,0.0,1.0,10000.0,10000.0,NA,0,,
96,Choline,C5H13NO,+,ESI,12.1,14.1,10.0,0.2,104.107,104.1075,5.2,S01829,13.43,13.4,13.65,0.25,12775989.57142857,12775989.57142857,12775989.57142857,12775989.57142857,12775989.57142857,12775989.57142857,12775989.57142857,9702909,6594587,1142013,3710864,976108,7181236,479592,0.15176111049909793,6.58930339077839,12775989.571428573,12775989.57142857,3.203426503814917e-16,1.0000000000000002,12775989.57142857,12775989.57142857,84.0,0,0.3481156717143665,0.13780351460196405
97,Phosphorylcholine,C5H15NO4P,+,ESI,10.4,12.4,10.0,0.2,185.0811,185.0807,-2.3,SQ147_B_0,11.96,11.71,12.15,0.44,35250.57142857143,35250.57142857143,35250.57142857143,35250.57142857143,35250.57142857143,35250.57142857143,35250.57142857143,21548,4386,5289,9122,4440,10466,3667,NA,NA,35250.57142857143,35250.57142857143,0.0,1.0,35250.57142857143,35250.57142857143,NA,0,-0.965633398231545,-0.0790471192839724
98,Orotic acid,C5H4N2O4,-,ESI,6.7,8.7,10.0,0.2,155.0098,155.0089,-5.7,S01820,7.61,7.54,7.77,0.24,122764.0,177489.0,61629.142857142855,61629.142857142855,61629.142857142855,61629.142857142855,61629.142857142855,26691,69304,8858,8228,3454,1866,2067,0.08892594492254445,11.245312050054816,120627.38095238095,61629.142857142855,0.9688727874405885,1.9573107033469015,61629.142857142855,91128.2619047619,2.0,2,-0.5826598515172992,0.23244926495011925
99,Hypoxanthine,C5H4N4O,+,ESI,5.8,7.8,10.0,0.2,137.0458,137.0459,0.6,S01820,6.79,6.69,6.82,0.13,3839154.0,6434644.0,1843450.0,538449.1428571428,538449.1428571428,538449.1428571428,538449.1428571428,401717,702342,54028,24024,20165,17060,13712,0.025436952706749293,39.31288513716762,4039082.6666666665,538449.1428571428,2.9071456814347374,7.5013262074005835,538449.1428571428,2288765.904761905,675.0,3,-0.43344967175173066,0.8270147622128338
100,Xanthine,C5H4N4O2,-,ESI,7.5,9.4,10.0,0.2,151.0261,151.0253,-5.9,S01829,8.46,8.33,8.59,0.26,111116.71428571429,111116.71428571429,111116.71428571429,111116.71428571429,111116.71428571429,111116.71428571429,111116.71428571429,46667,149277,11219,7314,7834,5038,8590,0.15176111049909793,6.58930339077839,111116.71428571428,111116.71428571429,-1.6017132519074588e-16,0.9999999999999999,111116.71428571429,111116.71428571429,1.0,0,0.9951014579144919,0.8726271525401352
101,Uric acid,C5H4N4O3,+,ESI,8.8,10.8,10.0,0.2,169.0356,169.0369,7.5,S01822,10.72,10.72,10.72,0.0,10000.0,10000.0,10000.0,10000.0,10000.0,10000.0,10000.0,0,0,0,0,0,0,0,NA,NA,10000.0,10000.0,0.0,1.0,10000.0,10000.0,NA,0,,-0.7745966692414834
102,Adenine,C5H5N5,+,ESI,5.0,7.0,10.0,0.2,136.0618,136.0619,1.0,SQ147_B_0,6.11,5.98,6.19,0.21,17110968.57142857,17110968.57142857,17110968.57142857,17110968.57142857,17110968.57142857,17110968.57142857,17110968.57142857,33859456,4578800,430893,295218,239543,265102,233248,NA,NA,17110968.57142857,17110968.57142857,0.0,1.0,17110968.57142857,17110968.57142857,NA,0,0.8502844215386768,0.061458696577762276
103,Guanine,C5H5N5O,+,ESI,7.7,9.7,10.0,0.2,152.0567,152.0568,1.0,SQ147_B_0,8.52,8.37,8.52,0.14,305443.4285714286,305443.4285714286,305443.4285714286,305443.4285714286,305443.4285714286,305443.4285714286,305443.4285714286,487763,90358,14871,27582,22782,19646,26366,NA,NA,305443.4285714286,305443.4285714286,0.0,1.0,305443.4285714286,305443.4285714286,NA,0,-0.428843042760889,0.6075954485172811
104,"4,5-Dihydroorotic acid",C5H6N2O4,-,ESI,7.5,9.5,10.0,0.2,157.0255,157.0249,-3.8,S01819,8.38,8.24,8.59,0.35,144425.0,114142.0,25754.0,19328.285714285714,19328.285714285714,19328.285714285714,19328.285714285714,6329,4941,2208,2416,1973,1931,1968,0.05233818903622731,19.106507474070657,94773.66666666667,19328.285714285714,2.293772568713682,4.90336639615269,19328.285714285714,57050.97619047619,5.0,3,-0.9622892806488668,0.3399663428166057
105,Oxoglutaric acid,C5H6O5,-,ESI,10.8,14.8,10.0,0.2,145.0142,145.0133,-6.3,S01830,12.78,12.65,12.86,0.21,1922870.0,2014047.0,1007135.0,1568965.0,236519.71428571432,236519.71428571432,1293574.0,434883,43619,13547,10755,8825,11790,5127,0.15976407669320475,6.2592293630582665,1648017.3333333333,833894.6071428572,0.9827944530079584,1.9762897124132692,236519.71428571432,1240955.9702380951,15.0,5,-0.8221873194441403,-0.1519186122328656
106,Ureidosuccinic acid,C5H8N2O5,-,ESI,12.8,14.8,10.0,0.2,175.036,175.0354,-3.5,S01819,13.85,13.81,13.91,0.1,1911293.0,1730251.0,827260.0,254963.0,19612.0,18068.0,374667.0,0,7488,0,2101,0,2079,0,0.006920111338326568,144.50634550654812,1489601.3333333333,166827.5,3.1584972406694156,8.92899152318013,15000.571428571428,828214.4166666666,1069.0,7,-0.9333797357882148,0.25972590773370036
107,D-2-Hydroxyglutaric acid,C5H8O5,-,ESI,11.6,13.6,10.0,0.2,147.0299,147.0289,-6.6,S01820,12.34,12.16,12.37,0.21,4954080.0,7345384.0,2292977.0,1790327.0,871315.0,929516.0,1820837.0,77967,121454,37074,39729,28939,35480,26020,0.038547233077016685,25.94219922353487,4864147.0,1352998.75,1.8460263228621085,3.59508610041214,167141.2857142857,3108572.875,290.0,7,-0.5264499041176577,0.03693999020444808
108,L-Proline,C5H9NO2,+,ESI,7.9,9.9,10.0,0.2,116.0706,116.071,3.0,S01829,8.88,8.8,8.92,0.12,209016288.0,235199296.0,108623720.0,151074640.0,62990872.0,81468776.0,154595344.0,4483440,8382221,593747,1555204,675905,1905665,146935,0.15346625861888033,6.516090305448901,184279768.0,112532408.0,0.7115571464110327,1.6375706454268713,7614193.0,148406088.0,1584.0,7,-0.7512708733207549,0.07948501539260469
109,Acetylcysteine,C5H9NO3S,+,ESI,6.0,8.0,10.0,0.2,164.0376,164.0374,-0.9,S01830,7.48,7.32,7.54,0.23,21735.0,11945.285714285714,11945.285714285714,11945.285714285714,11945.285714285714,11945.285714285714,11945.285714285714,4539,0,0,0,0,0,0,0.2855909406452013,3.501511629678519,15208.523809523807,11945.285714285714,0.34843876559935205,1.273182088171863,11945.285714285714,13576.90476190476,0.0,1,-0.8660254037844386,-0.7745966692414834
110,Pipecolic acid,C6H11NO2,+,ESI,7.5,9.5,10.0,0.2,130.0863,130.0865,2.1,SQ147_B_0,8.54,8.37,8.77,0.4,504398.71428571426,504398.71428571426,504398.71428571426,504398.71428571426,504398.71428571426,504398.71428571426,504398.71428571426,406788,268730,123466,94889,89939,84170,85615,NA,NA,504398.71428571426,504398.71428571426,0.0,1.0,504398.71428571426,504398.71428571426,NA,0,-0.8556047510215045,0.609924394934934
111,Aminoadipic acid,C6H11NO4,-,ESI,5.9,7.9,10.0,0.2,160.0615,160.0608,-4.5,SQ147_B_1,6.76,6.52,6.95,0.43,408100.0,408100.0,408100.0,408100.0,408100.0,408100.0,408100.0,105638,675863,23771,32717,36409,30494,24008,NA,NA,408100.0,408100.0,0.0,1.0,408100.0,408100.0,NA,0,-0.6830164412088967,0.2429833432984192
112,L-Cystine,C6H12N2O4S2,-,ESI,11.7,13.7,10.0,0.2,239.0166,239.0159,-2.7,S01829,12.75,12.66,12.78,0.12,10786.428571428572,10786.428571428572,10786.428571428572,10786.428571428572,10786.428571428572,10786.428571428572,10786.428571428572,0,0,0,1835,0,0,0,NA,NA,10786.428571428572,10786.428571428572,0.0,1.0,10786.428571428572,10786.428571428572,NA,0,-0.3475483866490367,0.2127542942425883
113,D-Glucose,C6H12O6,-,ESI,9.0,11.0,10.0,0.2,179.0561,179.0555,-3.7,S01829,10.93,10.87,10.98,0.11,663437.0,293667.0,375756.0,234590.0,339544.0,414913.0,1228672.0,96164,261683,15420,17681,25386,21289,8071,0.7153846572553357,1.3978493805509153,444286.6666666667,554429.75,-0.3195138269693608,0.801339875190079,201011.7142857143,499358.2083333334,1.0,7,-0.7407690848982157,0.8665305179991637
114,Citrulline,C6H13N3O3,+,ESI,10.9,12.9,10.0,0.2,176.103,176.103,0.4,S01829,11.87,11.64,12.09,0.46,686365.0,1004757.0,1142232.0,632493.0,210245.0,238548.0,666050.0,67639,63153,13588,33533,10895,19477,9258,0.04003826639257238,24.97610636272486,944451.3333333334,436834.0,1.1123913082660244,2.162037143018477,103232.71428571429,690642.6666666667,37.0,7,0.9747402520218771,0.06769708930798922
115,6-Phosphogluconic acid,C6H13O10P,-,ESI,14.0,17.0,10.0,0.2,275.0174,275.0186,4.4,S01830,14.94,14.89,14.96,0.07,12159.142857142857,12159.142857142857,12159.142857142857,12159.142857142857,12159.142857142857,12159.142857142857,12159.142857142857,3169,0,0,0,1869,0,0,NA,NA,12159.142857142857,12159.142857142857,0.0,1.0,12159.142857142857,12159.142857142857,NA,0,,
116,"Fructose 1,6-bisphosphate",C6H14O12P2,-,ESI,14.1,16.1,10.0,0.2,338.9888,338.9879,-2.6,SQ147_B_0,16.08,15.85,16.08,0.23,18404.285714285714,18404.285714285714,18404.285714285714,18404.285714285714,18404.285714285714,18404.285714285714,18404.285714285714,16904,2706,0,0,0,0,0,NA,NA,18404.285714285714,18404.285714285714,0.0,1.0,18404.285714285714,18404.285714285714,NA,0,-0.8660254037844386,
117,Nicotinic acid,C6H5NO2,-,ESI,5.5,7.5,10.0,0.2,122.0248,122.0236,-9.1,SQ147_B_0,5.56,5.47,5.79,0.32,60235.0,60235.0,60235.0,60235.0,60235.0,60235.0,60235.0,37138,15304,15856,14243,13374,11133,10167,NA,NA,60235.0,60235.0,0.0,1.0,60235.0,60235.0,NA,0,-0.14155930299697073,0.553990865986117
118,Niacinamide,C6H6N2O,+,ESI,3.3,5.3,10.0,0.2,123.0553,123.0555,1.9,SQ147_B_0,4.52,4.33,4.52,0.19,37597624.42857143,37597624.42857143,37597624.42857143,37597624.42857143,37597624.42857143,37597624.42857143,37597624.42857143,81680368,4722465,499478,211633,181700,228094,180719,NA,NA,37597624.42857143,37597624.42857143,0.0,1.0,37597624.42857143,37597624.42857143,NA,0,-0.8047896446805909,0.8140176545085114
119,Phenol,C6H6O,-,ESI,2.1,4.1,10.0,0.2,93.0346,93.0339,-7.1,S01821,3.82,3.82,3.82,0.0,10000.0,10000.0,26156.0,10000.0,10000.0,10000.0,10000.0,0,0,0,0,0,0,0,0.285590940645201,3.5015116296785225,15385.333333333334,10000.0,0.6215557009439593,1.5385333333333333,10000.0,12692.666666666668,0.0,1,0.8660254037844386,
120,cis-Aconitic acid,C6H6O6,-,ESI,14.1,16.1,10.0,0.2,173.0092,173.0085,-3.9,S01829,15.22,15.08,15.22,0.14,205016.0,216287.0,126328.0,496519.0,106317.0,107836.0,410703.0,17077,11800,2965,9248,4573,21700,2380,0.46079297264945196,2.1701719847206733,182543.66666666666,280343.75,-0.6189552911466742,0.6511422732508453,39889.857142857145,231443.7083333333,1.0,7,-0.8027867010653292,-0.16266633156553104
121,Oxoadipic acid,C6H8O5,-,ESI,7.5,9.5,10.0,0.2,159.0299,159.0294,-3.1,SQ147_B_0,9.24,8.99,9.45,0.47,45386.71428571429,45386.71428571429,45386.71428571429,45386.71428571429,45386.71428571429,45386.71428571429,45386.71428571429,19708,14600,10739,9363,9347,9114,9698,NA,NA,45386.71428571429,45386.71428571429,0.0,1.0,45386.71428571429,45386.71428571429,NA,0,-0.9961323791094564,-0.5562806156772351
122,Citric acid,C6H8O7,-,ESI,14.2,16.2,10.0,0.2,191.0197,191.0192,-2.6,S01829,15.4,15.4,15.64,0.24,1230374.0,940382.0,684693.0,2115976.0,393382.0,393382.0,942670.0,53778,88339,78899,179123,98101,306975,89343,0.98546983323867,1.0147444054310397,951816.3333333334,961352.5,-0.014382310707740917,0.9900804682292222,393382.0,956584.4166666667,1.0,5,-0.9993420293866304,-0.5186392349216707
123,L-Histidine,C6H9N3O2,+,ESI,9.9,11.9,10.0,0.2,156.0768,156.0768,0.1,S01829,10.51,10.27,10.68,0.41,158331.14285714284,158331.14285714284,158331.14285714284,158331.14285714284,158331.14285714284,158331.14285714284,158331.14285714284,98411,52657,41378,49822,35558,33069,35211,NA,NA,158331.14285714284,158331.14285714284,0.0,1.0,158331.14285714284,158331.14285714284,NA,0,-0.8240018282165996,0.7781095998262177
124,N-Acetylglutamic acid,C7H11NO5,+,ESI,10.3,12.3,10.0,0.2,190.071,190.0714,1.9,S01830,11.33,11.24,11.48,0.24,91748.0,133846.0,46078.857142857145,80436.0,46078.857142857145,46078.857142857145,75219.0,17644,40941,5873,3745,9069,3915,2997,0.28410653017039184,3.519806459218849,90557.61904761905,61953.17857142857,0.5476577239329207,1.4617106197902525,46078.857142857145,76255.39880952382,0.0,4,-0.5690884682817192,-0.02478888772969952
125,N-Acetylglutamine,C7H12N2O4,-,ESI,6.8,8.8,10.0,0.2,187.0724,187.0721,-1.8,S01829,7.73,7.51,7.89,0.37,42274.857142857145,42274.857142857145,42274.857142857145,42274.857142857145,42274.857142857145,42274.857142857145,42274.857142857145,20355,21971,4381,12900,4129,3563,8009,NA,NA,42274.857142857145,42274.857142857145,0.0,1.0,42274.857142857145,42274.857142857145,NA,0,-0.8982269951931425,-0.17228585343890493
126,N-Acetyl-L-methionine,C7H13NO3S,+,ESI,3.0,5.0,10.0,0.2,192.0689,192.0696,3.8,S01820,4.46,4.24,4.53,0.29,24363.0,25749.0,15712.0,15401.714285714286,15401.714285714286,15401.714285714286,15401.714285714286,9725,2879,0,0,0,0,0,0.055223657804416,18.108181162893455,21941.333333333332,15401.714285714286,0.5105602594215257,1.4246033218318306,15401.714285714286,18671.52380952381,0.0,3,-0.7952617839238635,-0.4954230210463103
127,N-Acetylornithine,C7H14N2O3,+,ESI,8.6,10.6,10.0,0.2,175.1077,175.1078,0.4,S01829,9.58,9.46,9.65,0.19,100101.14285714286,102925.0,100101.14285714286,100101.14285714286,100101.14285714286,100101.14285714286,100101.14285714286,107654,47772,14946,12075,12708,5183,9898,0.2855909406452031,3.501511629678497,101042.42857142857,100101.14285714286,0.013502774516243649,1.0094033463297123,100101.14285714286,100571.78571428571,0.0,1,-0.8152770903678455,0.6624737215864532
128,L-Cystathionine,C7H14N2O4S,+,ESI,12.2,14.2,10.0,0.2,223.0747,223.0743,-1.8,SQ147_B_0,13.03,12.94,13.2,0.25,112942.85714285716,112942.85714285716,112942.85714285716,112942.85714285716,112942.85714285716,112942.85714285716,112942.85714285716,72653,71242,46210,20409,17093,9450,3143,NA,NA,112942.85714285716,112942.85714285716,0.0,1.0,112942.85714285716,112942.85714285716,NA,0,-0.5398756845345555,0.4064535375684911
129,L-Carnitine,C7H15NO3,+,ESI,8.3,10.3,10.0,0.2,162.1125,162.1125,0.3,S01829,9.27,9.24,9.31,0.07,6571916.0,7430162.0,4907980.0,6610327.0,4907980.0,4907980.0,6728284.0,2743734,7080073,237881,377573,673812,254008,61539,0.577284005442879,1.73224962162744,6303352.666666667,5788642.75,0.12289426000938788,1.0889172019929312,4907980.0,6045997.708333334,11.0,4,-0.7527697830076425,0.0420416198252355
130,D-Sedoheptulose 7-phosphate,C7H15O10P,-,ESI,12.2,14.2,10.0,0.2,289.033,289.033,0.0,S01826,13.07,13.05,13.19,0.14,64367.0,63424.0,32212.0,33959.0,28132.857142857145,28132.857142857145,28132.857142857145,13804,12745,3010,3622,3119,3765,2245,0.04615808897523296,21.66467508081996,53334.333333333336,29589.39285714286,0.8499844552888824,1.80248150378856,28132.857142857145,41461.8630952381,2.0,4,-0.8786213933689515,-0.5605499049937902
131,1-Methylnicotinamide,C7H8N2O,+,ESI,15.3,17.3,10.0,0.2,137.0709,137.0712,1.9,SQ147_B_0,17.06,16.82,17.3,0.47,57409.857142857145,57409.857142857145,57409.857142857145,57409.857142857145,57409.857142857145,57409.857142857145,57409.857142857145,36431,23398,13775,9136,10124,9237,8522,0.15176111049909793,6.58930339077839,57409.85714285714,57409.857142857145,-1.6017132519074588e-16,0.9999999999999999,57409.857142857145,57409.857142857145,0.0,0,0.055421053106930795,0.5206836264368487
132,N6-Acetyl-L-lysine,C8H16N2O3,+,ESI,1.9,3.9,10.0,0.2,189.1234,189.1221,-6.9,S01820,3.02,2.85,3.16,0.31,938290.0,4110022.0,870203.0,4023375.0,933414.0,362784.0,3024841.0,36536,19265,12056,10106,7768,8512,9416,0.9367237774549725,1.0675505672728256,1972838.3333333333,2086103.5,-0.08053800006381868,0.9457049150885051,54425.28571428571,2029470.9166666665,2.0,7,-0.018390277099279997,-0.26680960922923047
133,L-Phenylalanine,C9H11NO2,+,ESI,5.6,7.6,10.0,0.2,166.0863,166.0863,0.0,S01829,6.65,6.51,6.65,0.14,5946060.0,6335562.0,3567770.0,2403996.0,1489049.0,1917596.0,4609290.0,1663127,1012713,121777,37229,26871,38546,26217,0.05813136799234185,17.202416432583156,5283130.666666667,2604982.75,1.0201192731165138,2.028086622326642,1264205.7142857143,3944056.7083333335,138.0,7,-0.7936854940770596,0.6554473510888957
134,L-Tyrosine,C9H11NO3,+,ESI,8.2,10.2,10.0,0.2,182.0812,182.0813,0.9,S01829,9.22,9.17,9.46,0.29,2473163.0,2698519.0,1685680.0,847855.0,539480.0,625801.0,2020696.0,256347,129701,19903,31820,17358,18445,15497,0.0450971236029266,22.17436324331569,2285787.3333333335,1008458.0,1.1805401831254951,2.2666162927294278,219601.85714285713,1647122.6666666667,83.0,7,-0.7404179003398595,0.6772037809867946
135,Uridine,C9H12N2O6,-,ESI,10.0,13.0,10.0,0.2,243.0623,243.0626,1.4,S01829,11.44,11.25,11.53,0.28,22504.0,22504.0,22504.0,22504.0,22504.0,22504.0,22504.0,5158,12284,2246,2023,1914,3135,2416,NA,NA,22504.0,22504.0,0.0,1.0,22504.0,22504.0,NA,0,-0.11582960270453051,0.40398315392745293
136,Uridine 5'-monophosphate,C9H13N2O9P,-,ESI,11.2,13.2,10.0,0.2,323.0286,323.0287,0.3,SQ147_B_0,12.16,12.06,12.16,0.1,858807.1428571427,858807.1428571427,858807.1428571427,858807.1428571427,858807.1428571427,858807.1428571427,858807.1428571427,1193166,541435,140118,32376,27981,26946,18528,NA,NA,858807.1428571427,858807.1428571427,0.0,1.0,858807.1428571427,858807.1428571427,NA,0,-0.999847193341205,0.4391312698198367
137,Cytidine,C9H13N3O5,+,ESI,7.1,9.1,10.0,0.2,244.0928,244.0928,0.2,SQ147_B_0,8.18,8.08,8.18,0.1,4823623.857142857,4823623.857142857,4823623.857142857,4823623.857142857,4823623.857142857,4823623.857142857,4823623.857142857,10389664,588506,99640,44695,43898,40216,25170,NA,NA,4823623.857142857,4823623.857142857,0.0,1.0,4823623.857142857,4823623.857142857,NA,0,-0.3563942362156159,0.4340944338136621
138,Uridine 5'-diphosphate,C9H14N2O12P2,+,ESI,12.4,14.4,10.0,0.2,405.0095,405.0088,-1.6,S01829,13.46,13.38,13.53,0.15,40880.0,49289.0,15292.0,29981.0,11252.0,14016.0,28593.0,0,0,0,0,0,0,0,0.2266522132600834,4.412046040126245,35153.666666666664,20960.5,0.7460020440529633,1.67713874509991,10000.0,28057.083333333332,0.0,7,-0.7225341273788143,-0.01863834038589283
139,Cytidine monophosphate,C9H14N3O8P,+,ESI,11.8,13.8,10.0,0.2,324.0591,324.0588,-0.9,SQ147_B_0,12.81,12.69,12.81,0.12,178167.14285714284,178167.14285714284,178167.14285714284,178167.14285714284,178167.14285714284,178167.14285714284,178167.14285714284,169301,128769,39383,15052,15621,12497,11767,NA,NA,178167.14285714284,178167.14285714284,0.0,1.0,178167.14285714284,178167.14285714284,NA,0,-0.9898297203679126,0.6151813740374595
140,Carnosine,C9H14N4O3,+,ESI,10.6,12.6,10.0,0.2,227.1139,227.1139,0.1,S01829,11.53,11.46,11.6,0.14,271597.0,246578.0,82946.0,121906.0,38542.0,36957.0,103109.0,5807,0,3209,0,0,0,0,0.07508433555818982,13.318357185501192,200373.66666666666,75128.5,1.4152607172644185,2.6670792930334914,13864.0,137751.0833333333,5.0,7,-0.9205914394629048,-0.17071449155671692
141,Uridine triphosphate,C9H15N2O15P3,-,ESI,15.0,18.0,10.0,0.2,482.9613,482.9594,-3.9,S01829,16.56,16.46,16.81,0.35,14514.0,12293.714285714286,12293.714285714286,12293.714285714286,12293.714285714286,12293.714285714286,12293.714285714286,0,0,0,2604,0,2748,0,0.2855909406452008,3.501511629678525,13033.809523809525,12293.714285714286,0.08433795530673645,1.0602011093551487,12293.714285714286,12663.761904761905,0.0,1,-0.9922333154823331,-0.3285695969552988
142,CDP,C9H15N3O11P2,+,ESI,13.0,15.0,10.0,0.2,404.0255,404.0244,-2.7,S01830,14.28,14.21,14.5,0.29,12479.285714285714,13395.0,12479.285714285714,12479.285714285714,12479.285714285714,12479.285714285714,12479.285714285714,0,0,2950,0,0,2835,0,0.285590940645201,3.5015116296785225,12784.52380952381,12479.285714285714,0.034863064912478106,1.0244595806383912,12479.285714285714,12631.904761904761,0.0,1,-0.7993407780292627,-0.1491861087350861
143,Cytidine triphosphate,C9H16N3O14P3,-,ESI,15.0,20.0,10.0,0.2,481.9772,481.9749,-4.8,S01820,18.08,17.95,18.17,0.21,10753.42857142857,10753.42857142857,10753.42857142857,10753.42857142857,10753.42857142857,10753.42857142857,10753.42857142857,0,0,0,0,0,0,1758,NA,NA,10753.42857142857,10753.42857142857,0.0,1.0,10753.42857142857,10753.42857142857,NA,0,-0.7129448968662129,-0.2581988897471611
144,L-Acetylcarnitine,C9H17NO4,+,ESI,6.3,8.3,10.0,0.2,204.123,204.1232,0.6,S01826,7.18,7.08,7.21,0.13,4243499.714285715,4243499.714285715,4243499.714285715,4243499.714285715,4243499.714285715,4243499.714285715,4243499.714285715,2472736,6155857,190389,303734,520425,186405,48620,NA,NA,4243499.714285715,4243499.714285715,0.0,1.0,4243499.714285715,4243499.714285715,NA,0,-0.7004820498945475,0.11329768749871455
145,Pantothenic acid,C9H17NO5,+,ESI,5.1,7.1,10.0,0.2,220.1179,220.1179,-0.1,S01829,6.06,5.88,6.28,0.41,6851530.0,7908720.0,3338241.0,5940702.0,2529923.0,3254970.0,7327218.0,102908,330940,15793,22550,27008,24392,14456,0.503921581187271,1.9844357482049824,6032830.333333333,4763203.25,0.34090289767607435,1.2665490042511482,240591.57142857142,5398016.791666666,14.0,7,-0.7341677816263823,0.27993917561124054
146,Carbamoyl phosphate,CH4NO5P,-,ESI,22.6,24.6,10.0,0.2,139.9754,139.9745,-6.8,S01829,24.26,24.22,24.49,0.27,949001.0,901863.0,813233.0,1597793.0,656193.0,513975.0,1627394.0,48392,87901,15374,69808,20907,96005,15662,0.5777285775905845,1.730916625538064,888032.3333333334,1098838.75,-0.3072955810495755,0.8081552760433078,161735.2857142857,993435.5416666667,2.0,7,-0.9847880788564141,-0.011566529239331673
